"Year","season","Family","Trawls","Trawls_Efforts","Catch_Wt","Catch_Num","Rel_Wt","Rel_Num","ERel_Wt","ERel_Num","Total","Prop"
1963,"FALL","BUTTERFISH",14,1463,0.5,2,0.0357142857142857,0.142857142857143,0.000341763499658237,0.00136705399863295,729.6,0.00068530701754386
1963,"FALL","HAKE",14,1463,464,2906,33.1428571428571,207.571428571429,0.317156527682843,1.98632946001367,729.6,0.635964912280702
1963,"FALL","HERRING",14,1463,42.2,206,3.01428571428571,14.7142857142857,0.0288448393711552,0.140806561859193,729.6,0.0578399122807018
1963,"FALL","MACKEREL",14,1463,0.3,3,0.0214285714285714,0.214285714285714,0.000205058099794942,0.00205058099794942,729.6,0.000411184210526316
1963,"FALL","POLLOCK",14,1463,222.6,47,15.9,3.35714285714286,0.152153110047847,0.0321257689678742,729.6,0.305098684210526
1964,"FALL","HAKE",11,1155,210.2,560,19.1090909090909,50.9090909090909,0.181991341991342,0.484848484848485,235.2,0.893707482993197
1964,"FALL","HERRING",11,1155,1.9,9,0.172727272727273,0.818181818181818,0.00164502164502165,0.00779220779220779,235.2,0.00807823129251701
1964,"FALL","POLLOCK",11,1155,23.1,5,2.1,0.454545454545455,0.02,0.00432900432900433,235.2,0.0982142857142857
1965,"FALL","HAKE",12,1260,278.9,1155,23.2416666666667,96.25,0.221349206349206,0.916666666666667,321.7,0.866956792042275
1965,"FALL","HERRING",12,1260,4.2,22,0.35,1.83333333333333,0.00333333333333333,0.0174603174603175,321.7,0.0130556419023935
1965,"FALL","POLLOCK",12,1260,38.6,12,3.21666666666667,1,0.0306349206349206,0.00952380952380952,321.7,0.119987566055331
1965,"FALL","SAND LANCE",12,1260,0,1,0,0.0833333333333333,0,0.000793650793650794,321.7,0
1966,"FALL","HAKE",16,1680,364.6,839,22.7875,52.4375,0.21702380952381,0.499404761904762,429.4,0.849091755938519
1966,"FALL","HERRING",16,1680,26.1,105,1.63125,6.5625,0.0155357142857143,0.0625,429.4,0.0607824871914299
1966,"FALL","POLLOCK",16,1680,38.7,14,2.41875,0.875,0.0230357142857143,0.00833333333333333,429.4,0.0901257568700512
1967,"FALL","BUTTERFISH",13,1365,0,1,0,0.0769230769230769,0,0.000732600732600733,127,0
1967,"FALL","HAKE",13,1365,101.5,NA,7.80769230769231,NA,0.0743589743589744,NA,127,0.799212598425197
1967,"FALL","HERRING",13,1365,11.9,56,0.915384615384615,4.30769230769231,0.00871794871794872,0.041025641025641,127,0.0937007874015748
1967,"FALL","POLLOCK",13,1365,13.6,3,1.04615384615385,0.230769230769231,0.00996336996336996,0.0021978021978022,127,0.107086614173228
1968,"FALL","HAKE",8,857.5,72.1,65,9.0125,8.125,0.0840816326530612,0.075801749271137,135.7,0.531319086219602
1968,"FALL","HERRING",8,857.5,0,2,0,0.25,0,0.00233236151603499,135.7,0
1968,"FALL","POLLOCK",8,857.5,63.6,11,7.95,1.375,0.0741690962099125,0.0128279883381924,135.7,0.468680913780398
1968,"SPRING","HAKE",11,1106,25.9,62,2.35454545454545,5.63636363636364,0.0234177215189873,0.0560578661844485,114.3,0.226596675415573
1968,"SPRING","HERRING",11,1106,2.3,61,0.209090909090909,5.54545454545455,0.00207956600361664,0.0551537070524412,114.3,0.0201224846894138
1968,"SPRING","POLLOCK",11,1106,86.1,37,7.82727272727273,3.36363636363636,0.0778481012658228,0.0334538878842676,114.3,0.753280839895013
1969,"FALL","HAKE",16,1652,317.9,563,19.86875,35.1875,0.192433414043584,0.340799031476998,467.8,0.679563916203506
1969,"FALL","HERRING",16,1652,4.1,28,0.25625,1.75,0.0024818401937046,0.0169491525423729,467.8,0.00876442924326635
1969,"FALL","MACKEREL",16,1652,0.5,3,0.03125,0.1875,0.000302663438256659,0.00181598062953995,467.8,0.00106883283454468
1969,"FALL","POLLOCK",16,1652,145.3,28,9.08125,1.75,0.087953995157385,0.0169491525423729,467.8,0.310602821718683
1969,"SPRING","HAKE",11,1155,16.4,53,1.49090909090909,4.81818181818182,0.0141991341991342,0.0458874458874459,44.7,0.366890380313199
1969,"SPRING","HERRING",11,1155,2.4,27,0.218181818181818,2.45454545454545,0.00207792207792208,0.0233766233766234,44.7,0.0536912751677852
1969,"SPRING","POLLOCK",11,1155,25.9,14,2.35454545454545,1.27272727272727,0.0224242424242424,0.0121212121212121,44.7,0.579418344519016
1970,"FALL","HAKE",14,1463,323,700,23.0714285714286,50,0.220779220779221,0.478468899521531,382.1,0.845328448050249
1970,"FALL","HERRING",14,1463,1,21,0.0714285714285714,1.5,0.000683526999316473,0.0143540669856459,382.1,0.00261711593823606
1970,"FALL","MACKEREL",14,1463,1.4,5,0.1,0.357142857142857,0.000956937799043062,0.00341763499658236,382.1,0.00366396231353049
1970,"FALL","POLLOCK",14,1463,56.7,15,4.05,1.07142857142857,0.038755980861244,0.0102529049897471,382.1,0.148390473697985
1970,"SPRING","HAKE",14,1470,84.1,261,6.00714285714286,18.6428571428571,0.0572108843537415,0.177551020408163,159,0.528930817610063
1970,"SPRING","HERRING",14,1470,0.9,9,0.0642857142857143,0.642857142857143,0.000612244897959184,0.00612244897959184,159,0.00566037735849057
1970,"SPRING","POLLOCK",14,1470,74,38,5.28571428571429,2.71428571428571,0.0503401360544218,0.0258503401360544,159,0.465408805031447
1971,"FALL","HAKE",11,1155,213.1,701,19.3727272727273,63.7272727272727,0.184502164502165,0.606926406926407,322.4,0.660980148883375
1971,"FALL","HERRING",11,1155,55.8,253,5.07272727272727,23,0.0483116883116883,0.219047619047619,322.4,0.173076923076923
1971,"FALL","POLLOCK",11,1155,53.5,6,4.86363636363636,0.545454545454545,0.0463203463203463,0.00519480519480519,322.4,0.165942928039702
1971,"SPRING","HAKE",13,1365,76.9,139,5.91538461538462,10.6923076923077,0.0563369963369963,0.101831501831502,147.8,0.520297699594046
1971,"SPRING","HERRING",13,1365,1,49,0.0769230769230769,3.76923076923077,0.000732600732600733,0.0358974358974359,147.8,0.006765899864682
1971,"SPRING","POLLOCK",13,1365,69.9,18,5.37692307692308,1.38461538461538,0.0512087912087912,0.0131868131868132,147.8,0.472936400541272
1972,"FALL","BUTTERFISH",14,1314.00071015022,0,2,0,0.142857142857143,0,0.00152206919261965,684,0
1972,"FALL","HAKE",14,1314.00071015022,370.7,1418,26.4785714285714,101.285714285714,0.282115524852053,1.07914705756733,684,0.541959064327485
1972,"FALL","HERRING",14,1314.00071015022,1.8,20,0.128571428571429,1.42857142857143,0.00136986227335769,0.0152206919261965,684,0.00263157894736842
1972,"FALL","POLLOCK",14,1314.00071015022,311.5,51,22.25,3.64285714285714,0.237062276750511,0.0388127644118011,684,0.455409356725146
1972,"SPRING","HAKE",15,1585.5,168.8,1042,11.2533333333333,69.4666666666667,0.106464837590665,0.657205928729108,176.2,0.95800227014756
1972,"SPRING","HERRING",15,1585.5,0.9,22,0.06,1.46666666666667,0.000567644276253548,0.0138757489750867,176.2,0.00510783200908059
1972,"SPRING","POLLOCK",15,1585.5,6.5,22,0.433333333333333,1.46666666666667,0.00409965310627562,0.0138757489750867,176.2,0.0368898978433598
1972,"SPRING","SAND LANCE",15,1585.5,0,2,0,0.133333333333333,0,0.00126143172500788,176.2,0
1973,"FALL","HAKE",14,1314.00071015022,159.4,373,11.3857142857143,26.6428571428571,0.121308914651786,0.283865904423565,292.1,0.545703526189661
1973,"FALL","HERRING",14,1314.00071015022,3.7,27,0.264285714285714,1.92857142857143,0.00281582800634636,0.0205479341003653,292.1,0.0126668948990072
1973,"FALL","MACKEREL",14,1314.00071015022,1.4,3,0.1,0.214285714285714,0.00106544843483376,0.00228310378892948,292.1,0.00479287915097569
1973,"FALL","POLLOCK",14,1314.00071015022,127.6,43,9.11428571428571,3.07142857142857,0.0971080144891338,0.0327244876413225,292.1,0.436836699760356
1973,"SPRING","HAKE",9,844.714742239429,290.6,853,32.2888888888889,94.7777777777778,0.344021461291877,1.00980834990355,483.2,0.601407284768212
1973,"SPRING","HERRING",9,844.714742239429,148.5,658,16.5,73.1111111111111,0.17579899174757,0.778961189022902,483.2,0.307326158940397
1973,"SPRING","POLLOCK",9,844.714742239429,44.1,22,4.9,2.44444444444444,0.0522069733068541,0.0260442950737141,483.2,0.0912665562913907
1974,"FALL","HAKE",14,1314.00071015022,227.5,942,16.25,67.2857142857143,0.173135370660485,0.716894589723856,499.9,0.455091018203641
1974,"FALL","HERRING",14,1314.00071015022,4.2,21,0.3,1.5,0.00319634530450127,0.0159817265225063,499.9,0.00840168033606721
1974,"FALL","POLLOCK",14,1314.00071015022,268.2,109,19.1571428571429,7.78571428571429,0.204109478730295,0.082952770997771,499.9,0.536507301460292
1974,"SPRING","HAKE",15,1407.85790373238,412.5,4373,27.5,291.533333333333,0.292998319579283,3.10613733701868,440.3,0.936861230978878
1974,"SPRING","HERRING",15,1407.85790373238,2,15,0.133333333333333,1,0.00142059791311168,0.0106544843483376,440.3,0.00454235748353395
1974,"SPRING","POLLOCK",15,1407.85790373238,25.8,15,1.72,1,0.0183257130791406,0.0106544843483376,440.3,0.058596411537588
1975,"FALL","HAKE",23,2158.71545238965,485.2,2161,21.095652173913,93.9565217391304,0.22476329590493,1.0010582902938,803.7,0.603707851188254
1975,"FALL","HERRING",23,2158.71545238965,83.7,396,3.63913043478261,17.2173913043478,0.0387730582589502,0.183442426171377,803.7,0.104143337066069
1975,"FALL","MACKEREL",23,2158.71545238965,4.5,14,0.195652173913043,0.608695652173913,0.00208457302467474,0.00648533829898808,803.7,0.00559910414333707
1975,"FALL","POLLOCK",23,2158.71545238965,96.9,134,4.21304347826087,5.82608695652174,0.0448878057979961,0.0620739522903145,803.7,0.120567375886525
1975,"FALL","SAND LANCE",23,2158.71545238965,133.4,12934,5.8,562.347826086957,0.0617960092203579,5.99152611136513,803.7,0.165982331715814
1975,"SPRING","HAKE",23,2158.71545238965,582.6,8135,25.3304347826087,353.695652173913,0.26988272092789,3.768444790162,740.2,0.787084571737368
1975,"SPRING","HERRING",23,2158.71545238965,26.5,181,1.15217391304348,7.8695652173913,0.0122758189230846,0.0838461594369174,740.2,0.0358011348284248
1975,"SPRING","POLLOCK",23,2158.71545238965,131.1,34,5.7,1.47826086956522,0.0607305607855241,0.0157501072975425,740.2,0.177114293434207
1976,"FALL","BUTTERFISH",18,1689.42948447886,5,121,0.277777777777778,6.72222222222222,0.00295957898564932,0.0716218114527136,473.5,0.0105596620908131
1976,"FALL","HAKE",18,1689.42948447886,320.5,917,17.8055555555556,50.9444444444444,0.189709012980122,0.542786785968086,473.5,0.676874340021119
1976,"FALL","HERRING",18,1689.42948447886,11.6,56,0.644444444444444,3.11111111111111,0.00686622324670643,0.0331472846392724,473.5,0.0244984160506864
1976,"FALL","MACKEREL",18,1689.42948447886,0.7,1,0.0388888888888889,0.0555555555555556,0.000414341057990905,0.000591915797129865,473.5,0.00147835269271383
1976,"FALL","POLLOCK",18,1689.42948447886,135.7,31,7.53888888888889,1.72222222222222,0.0803229736705227,0.0183493897110258,473.5,0.286589229144667
1976,"FALL","SAND LANCE",18,1689.42948447886,0,2,0,0.111111111111111,0,0.00118383159425973,473.5,0
1976,"SPRING","HAKE",21,1971.00106522533,640.3,3334,30.4904761904762,158.761904761905,0.324860301344788,1.69152622939797,720.6,0.888565084651679
1976,"SPRING","HERRING",21,1971.00106522533,30.4,193,1.44761904761905,9.19047619047619,0.0154236344852125,0.0979197847251976,720.6,0.0421870663336109
1976,"SPRING","POLLOCK",21,1971.00106522533,48.1,43,2.29047619047619,2.04761904761905,0.0244038427216684,0.021816325094215,720.6,0.0667499306133777
1976,"SPRING","SAND LANCE",21,1971.00106522533,1.8,108,0.0857142857142857,5.14285714285714,0.000913241515571791,0.0547944909343075,720.6,0.00249791840133222
1977,"FALL","BUTTERFISH",24,2252.57264597181,0.8,12,0.0333333333333333,0.5,0.000355149478277919,0.00532724217416878,1996.6,0.000400681157968547
1977,"FALL","HAKE",24,2252.57264597181,737.7,2030,30.7375,84.5833333333333,0.327492212657026,0.901191801130219,1996.6,0.369478112791746
1977,"FALL","HERRING",24,2252.57264597181,24.6,126,1.025,5.25,0.010920846457046,0.0559360428287722,1996.6,0.0123209456075328
1977,"FALL","POLLOCK",24,2252.57264597181,1233.5,200,51.3958333333333,8.33333333333333,0.547596101819766,0.0887873695694797,1996.6,0.617800260442753
1977,"SPRING","HAKE",22,2064.85825880749,347.8,1483,15.8090909090909,67.4090909090909,0.168437711652355,0.718209104026573,864.8,0.402173913043478
1977,"SPRING","HERRING",22,2064.85825880749,29.2,139,1.32727272727273,6.31818181818182,0.0141414064987026,0.0673169692917692,864.8,0.0337650323774283
1977,"SPRING","POLLOCK",22,2064.85825880749,54.3,26,2.46818181818182,1.18181818181818,0.0262972045506695,0.0125916633207626,864.8,0.0627890841813136
1977,"SPRING","SAND LANCE",22,2064.85825880749,433.5,21485,19.7045454545455,976.590909090909,0.209941771136561,10.4050725556378,864.8,0.50127197039778
1978,"FALL","BUTTERFISH",40,3754.28774328635,0.5,2,0.0125,0.05,0.00013318105435422,0.000532724217416878,1883.9,0.000265406868729763
1978,"FALL","HAKE",40,3754.28774328635,897,2586,22.425,64.65,0.23892681151147,0.688812413120024,1883.9,0.476139922501194
1978,"FALL","HERRING",40,3754.28774328635,68.8,364,1.72,9.1,0.0183257130791406,0.0969558075698718,1883.9,0.0365199851372153
1978,"FALL","MACKEREL",40,3754.28774328635,3,22,0.075,0.55,0.000799086326125317,0.00585996639158566,1883.9,0.00159244121237858
1978,"FALL","POLLOCK",40,3754.28774328635,914.6,184,22.865,4.6,0.243614784624738,0.0490106280023528,1883.9,0.485482244280482
1978,"SPRING","HAKE",15,1407.85790373238,146.8,531,9.78666666666667,35.4,0.104271886822397,0.37716874593115,172.1,0.852992446252179
1978,"SPRING","HERRING",15,1407.85790373238,5.3,27,0.353333333333333,1.8,0.00376458446974594,0.0191780718270076,172.1,0.0307960488088321
1978,"SPRING","POLLOCK",15,1407.85790373238,20,2,1.33333333333333,0.133333333333333,0.0142059791311168,0.00142059791311168,172.1,0.116211504938989
1979,"FALL","BUTTERFISH",46,4317.4309047793,2.5,79,0.0543478260869565,1.71739130434783,0.00057904806240965,0.0182979187721449,765.2,0.00326711970726607
1979,"FALL","HAKE",46,4317.4309047793,542.5,2004,11.7934782608696,43.5652173913044,0.125653429542894,0.464164926827576,765.2,0.708964976476738
1979,"FALL","HERRING",46,4317.4309047793,34.5,162,0.75,3.52173913043478,0.00799086326125317,0.0375223144441453,765.2,0.0450862519602718
1979,"FALL","MACKEREL",46,4317.4309047793,13.1,20,0.284782608695652,0.434782608695652,0.00303421184702657,0.0046323844992772,765.2,0.0171197072660742
1979,"FALL","POLLOCK",46,4317.4309047793,169.6,33,3.68695652173913,0.717391304347826,0.0392826205538707,0.00764343442380738,765.2,0.22164140094093
1979,"FALL","SAND LANCE",46,4317.4309047793,3,141,0.0652173913043478,3.06521739130435,0.00069485767489158,0.0326583107199043,765.2,0.00392054364871929
1979,"SPRING","HAKE",27,2534.14422671829,368.6,1919,13.6518518518519,71.0740740740741,0.145453441881379,0.757257609794807,405.8,0.908329226219813
1979,"SPRING","HERRING",27,2534.14422671829,19.4,353,0.718518518518518,13.0740740740741,0.00765544430954625,0.139297517591228,405.8,0.0478068013799901
1979,"SPRING","POLLOCK",27,2534.14422671829,10.8,27,0.4,1,0.00426179373933503,0.0106544843483376,405.8,0.0266140956136028
1979,"SPRING","SAND LANCE",27,2534.14422671829,7,296,0.259259259259259,10.962962962963,0.00276227371993937,0.116804717300293,405.8,0.0172498767865944
1980,"FALL","BUTTERFISH",15,1407.85790373238,1.5,41,0.1,2.73333333333333,0.00106544843483376,0.0291222572187893,599.9,0.00250041673612269
1980,"FALL","HAKE",15,1407.85790373238,297,1069,19.8,71.2666666666667,0.210958790097084,0.759309584558191,599.9,0.495082513752292
1980,"FALL","HERRING",15,1407.85790373238,94.8,470,6.32,31.3333333333333,0.0673363410814934,0.333840509581244,599.9,0.158026337722954
1980,"FALL","MACKEREL",15,1407.85790373238,14.9,29,0.993333333333333,1.93333333333333,0.010583454452682,0.0205986697401193,599.9,0.024837472912152
1980,"FALL","POLLOCK",15,1407.85790373238,137,21,9.13333333333333,1.4,0.0973109570481498,0.0149162780876726,599.9,0.228371395232539
1980,"FALL","SAND LANCE",15,1407.85790373238,54.7,5234,3.64666666666667,348.933333333333,0.0388533529236043,3.71770473861325,599.9,0.0911818636439407
1980,"SPRING","HAKE",20,1877.14387164318,453.7,2245,22.685,112.25,0.241696977442038,1.19596586810089,612.4,0.740855649902025
1980,"SPRING","HERRING",20,1877.14387164318,130.9,2121,6.545,106.05,0.0697336000598694,1.1299080651412,612.4,0.21374918354017
1980,"SPRING","POLLOCK",20,1877.14387164318,24.9,32,1.245,1.6,0.0132648330136803,0.0170471749573401,612.4,0.0406596995427825
1980,"SPRING","SAND LANCE",20,1877.14387164318,2.9,222,0.145,11.1,0.00154490023050895,0.118264776266547,612.4,0.00473546701502286
1981,"FALL","BUTTERFISH",20,1925.85790373238,4,66,0.2,3.3,0.00207699643480854,0.0342704411743409,445.6,0.00897666068222621
1981,"FALL","HAKE",20,1925.85790373238,304.8,976,15.24,48.8,0.158267128332411,0.506787130093283,445.6,0.684021543985637
1981,"FALL","HERRING",20,1925.85790373238,71.8,408,3.59,20.4,0.0372820860048132,0.211853636350471,445.6,0.16113105924596
1981,"FALL","MACKEREL",20,1925.85790373238,29,43,1.45,2.15,0.0150582241523619,0.0223277116741918,445.6,0.06508078994614
1981,"FALL","POLLOCK",20,1925.85790373238,35.3,14,1.765,0.7,0.0183294935371853,0.00726948752182988,445.6,0.0792190305206463
1981,"FALL","SAND LANCE",20,1925.85790373238,0.7,73,0.035,3.65,0.000363474376091494,0.0379051849352558,445.6,0.00157091561938959
1981,"SPRING","HAKE",16,1501.71509731454,368.5,896,23.03125,56,0.24538609264765,0.596651123506904,648.4,0.56832202344232
1981,"SPRING","HERRING",16,1501.71509731454,9.9,89,0.61875,5.5625,0.00659246219053387,0.0592655691876277,648.4,0.0152683528685996
1981,"SPRING","MACKEREL",16,1501.71509731454,2.2,3,0.1375,0.1875,0.00146499159789642,0.00199771581531329,648.4,0.00339296730413325
1981,"SPRING","POLLOCK",16,1501.71509731454,68.8,164,4.3,10.25,0.0458142826978515,0.10920846457046,648.4,0.10610734114744
1981,"SPRING","SAND LANCE",16,1501.71509731454,199,30066,12.4375,1879.125,0.132515149082448,20.0211079010698,648.4,0.306909315237508
1982,"FALL","BUTTERFISH",16,1673,18.9,144,1.18125,9,0.0112970711297071,0.0860729228930066,498.4,0.0379213483146068
1982,"FALL","HAKE",16,1673,161.9,944,10.11875,59,0.0967722653915123,0.564255827854154,498.4,0.32483948635634
1982,"FALL","HERRING",16,1673,22.3,133,1.39375,8.3125,0.013329348475792,0.0794979079497908,498.4,0.0447431781701445
1982,"FALL","MACKEREL",16,1673,22.6,37,1.4125,2.3125,0.0135086670651524,0.0221159593544531,498.4,0.0453451043338684
1982,"FALL","POLLOCK",16,1673,53.1,24,3.31875,1.5,0.0317393903167962,0.0143454871488344,498.4,0.106540930979133
1982,"FALL","SAND LANCE",16,1673,219.6,26155,13.725,1634.6875,0.131261207411835,15.6335923490735,498.4,0.440609951845907
1982,"SPRING","HAKE",18,1795.5,167.6,716,9.31111111111111,39.7777777777778,0.0933444722918407,0.398774714564188,209.3,0.800764452938366
1982,"SPRING","HERRING",18,1795.5,13.8,81,0.766666666666667,4.5,0.0076858813700919,0.0451127819548872,209.3,0.0659340659340659
1982,"SPRING","POLLOCK",18,1795.5,27.1,10,1.50555555555556,0.555555555555556,0.0150932887774993,0.00556947925368978,209.3,0.129479216435738
1982,"SPRING","SAND LANCE",18,1795.5,0.8,45,0.0444444444444444,2.5,0.000445558340295182,0.025062656641604,209.3,0.00382226469182991
1983,"FALL","BUTTERFISH",22,2278.5,12.1,231,0.55,10.5,0.00531051130129471,0.101382488479263,1160,0.0104310344827586
1983,"FALL","HAKE",22,2278.5,825.6,3569,37.5272727272727,162.227272727273,0.362343647136274,1.56638139126618,1160,0.711724137931035
1983,"FALL","HERRING",22,2278.5,16.9,132,0.768181818181818,6,0.00741716041255212,0.0579328505595787,1160,0.0145689655172414
1983,"FALL","MACKEREL",22,2278.5,20.1,27,0.913636363636364,1.22727272727273,0.00882159315339039,0.0118499012508229,1160,0.0173275862068966
1983,"FALL","POLLOCK",22,2278.5,285.3,116,12.9681818181818,5.27272727272727,0.125213956550362,0.0509106868553873,1160,0.245948275862069
1983,"SPRING","HAKE",17,1746.5,179.3,912,10.5470588235294,53.6470588235294,0.102662467792728,0.522187231606069,191.8,0.934827945776851
1983,"SPRING","HERRING",17,1746.5,8.6,66,0.505882352941176,3.88235294117647,0.00492413398225021,0.0377898654451761,191.8,0.0448383733055266
1983,"SPRING","POLLOCK",17,1746.5,3.9,41,0.229411764705882,2.41176470588235,0.00223303750357859,0.0234755224735185,191.8,0.0203336809176225
1983,"SPRING","SAND LANCE",17,1746.5,0,15,0,0.882352941176471,0,0.00858860578299456,191.8,0
1984,"FALL","BUTTERFISH",15,1575,1.1,15,0.0733333333333333,1,0.000698412698412698,0.00952380952380952,407.5,0.00269938650306749
1984,"FALL","HAKE",15,1575,346.4,896,23.0933333333333,59.7333333333333,0.219936507936508,0.568888888888889,407.5,0.850061349693252
1984,"FALL","HERRING",15,1575,43.4,174,2.89333333333333,11.6,0.0275555555555556,0.11047619047619,407.5,0.106503067484663
1984,"FALL","MACKEREL",15,1575,0.3,1,0.02,0.0666666666666667,0.00019047619047619,0.000634920634920635,407.5,0.000736196319018405
1984,"FALL","POLLOCK",15,1575,16.3,15,1.08666666666667,1,0.0103492063492063,0.00952380952380952,407.5,0.04
1984,"FALL","SAND LANCE",15,1575,0,2,0,0.133333333333333,0,0.00126984126984127,407.5,0
1984,"SPRING","HAKE",21,2193.5,111.5,422,5.30952380952381,20.0952380952381,0.0508320036471393,0.192386596763164,185.9,0.599784830554061
1984,"SPRING","HERRING",21,2193.5,45.4,747,2.16190476190476,35.5714285714286,0.0206975153863688,0.340551629815364,185.9,0.244217321140398
1984,"SPRING","POLLOCK",21,2193.5,29,34,1.38095238095238,1.61904761904762,0.0132208798723501,0.015500341919307,185.9,0.155997848305541
1984,"SPRING","SAND LANCE",21,2193.5,0,6,0,0.285714285714286,0,0.0027353544563483,185.9,0
1985,"FALL","BUTTERFISH",18,1715,11.9,219,0.661111111111111,12.1666666666667,0.00693877551020408,0.127696793002915,894,0.0133109619686801
1985,"FALL","HAKE",18,1715,372.6,1645,20.7,91.3888888888889,0.217259475218659,0.959183673469388,894,0.416778523489933
1985,"FALL","HERRING",18,1715,188,1063,10.4444444444444,59.0555555555556,0.109620991253644,0.619825072886297,894,0.210290827740492
1985,"FALL","MACKEREL",18,1715,271.2,872,15.0666666666667,48.4444444444444,0.158134110787172,0.508454810495627,894,0.303355704697987
1985,"FALL","POLLOCK",18,1715,50.3,108,2.79444444444444,6,0.0293294460641399,0.0629737609329446,894,0.0562639821029083
1985,"SPRING","HAKE",18,1788.5,59.4,281,3.3,15.6111111111111,0.0332121889851831,0.157114900754822,143.7,0.413361169102296
1985,"SPRING","HERRING",18,1788.5,82.2,551,4.56666666666667,30.6111111111111,0.0459603019289908,0.308079396142018,143.7,0.572025052192067
1985,"SPRING","POLLOCK",18,1788.5,2.1,4,0.116666666666667,0.222222222222222,0.00117416829745597,0.00223651104277327,143.7,0.0146137787056367
1985,"SPRING","SAND LANCE",18,1788.5,0,1,0,0.0555555555555556,0,0.000559127760693318,143.7,0
1986,"FALL","BUTTERFISH",18,1795.5,35,577,1.94444444444444,32.0555555555556,0.0194931773879142,0.3213589529379,490.5,0.0713557594291539
1986,"FALL","HAKE",18,1795.5,377.9,1431,20.9944444444444,79.5,0.210470620996937,0.796992481203007,490.5,0.770438328236493
1986,"FALL","HERRING",18,1795.5,36.5,221,2.02777777777778,12.2777777777778,0.0203285992759677,0.123085491506544,490.5,0.0744138634046891
1986,"FALL","MACKEREL",18,1795.5,15.3,34,0.85,1.88888888888889,0.00852130325814536,0.0189362294625453,490.5,0.0311926605504587
1986,"FALL","POLLOCK",18,1795.5,25.8,23,1.43333333333333,1.27777777777778,0.0143692564745196,0.0128098022834865,490.5,0.0525993883792049
1986,"SPRING","HAKE",18,1890,185.4,2007,10.3,111.5,0.0980952380952381,1.06190476190476,304,0.609868421052632
1986,"SPRING","HERRING",18,1890,85.3,575,4.73888888888889,31.9444444444444,0.0451322751322751,0.304232804232804,304,0.280592105263158
1986,"SPRING","POLLOCK",18,1890,33.3,26,1.85,1.44444444444444,0.0176190476190476,0.0137566137566138,304,0.109539473684211
1987,"FALL","BUTTERFISH",23,2345.35,0.1,1,0.00434782608695652,0.0434782608695652,4.26375594260985e-05,0.000426375594260984,640.3,0.00015617679212869
1987,"FALL","HAKE",23,2345.35,382.7,1327,16.6391304347826,57.695652173913,0.163173939923679,0.565800413584326,640.3,0.597688583476495
1987,"FALL","HERRING",23,2345.35,228.1,1414,9.91739130434783,61.4782608695652,0.0972562730509306,0.602895090285032,640.3,0.356239262845541
1987,"FALL","MACKEREL",23,2345.35,8.1,129,0.352173913043478,5.60869565217391,0.00345364231351397,0.055002451659667,640.3,0.0126503201624239
1987,"FALL","POLLOCK",23,2345.35,21.3,26,0.926086956521739,1.1304347826087,0.00908180015775897,0.0110857654507856,640.3,0.0332656567234109
1987,"SPRING","HAKE",14,1470,110.3,622,7.87857142857143,44.4285714285714,0.0750340136054422,0.42312925170068,165.5,0.666465256797583
1987,"SPRING","HERRING",14,1470,21,238,1.5,17,0.0142857142857143,0.161904761904762,165.5,0.126888217522659
1987,"SPRING","POLLOCK",14,1470,34.2,112,2.44285714285714,8,0.023265306122449,0.0761904761904762,165.5,0.206646525679758
1987,"SPRING","SAND LANCE",14,1470,0,2,0,0.142857142857143,0,0.00136054421768707,165.5,0
1988,"FALL","BUTTERFISH",21,2170,0.3,12,0.0142857142857143,0.571428571428571,0.000138248847926267,0.00552995391705069,579.7,0.000517509056408487
1988,"FALL","HAKE",21,2170,391.1,1590,18.6238095238095,75.7142857142857,0.180230414746544,0.732718894009217,579.7,0.674659306537864
1988,"FALL","HERRING",21,2170,116.6,747,5.55238095238095,35.5714285714286,0.0537327188940092,0.344239631336406,579.7,0.201138519924099
1988,"FALL","MACKEREL",21,2170,0.1,1,0.00476190476190476,0.0476190476190476,4.60829493087558e-05,0.000460829493087558,579.7,0.000172503018802829
1988,"FALL","POLLOCK",21,2170,71.6,50,3.40952380952381,2.38095238095238,0.0329953917050691,0.0230414746543779,579.7,0.123512161462826
1988,"FALL","SAND LANCE",21,2170,0,1,0,0.0476190476190476,0,0.000460829493087558,579.7,0
1988,"SPRING","HAKE",19,1995,93.6,445,4.92631578947368,23.4210526315789,0.0469172932330827,0.223057644110276,373.3,0.250736672917225
1988,"SPRING","HERRING",19,1995,181.9,1392,9.57368421052632,73.2631578947368,0.0911779448621554,0.697744360902256,373.3,0.487275649611572
1988,"SPRING","POLLOCK",19,1995,6.8,40,0.357894736842105,2.10526315789474,0.00340852130325815,0.0200501253132832,373.3,0.0182159121350121
1988,"SPRING","SAND LANCE",19,1995,91,7944,4.78947368421053,418.105263157895,0.0456140350877193,3.98195488721805,373.3,0.243771765336191
1989,"FALL","BUTTERFISH",19,1942.5,0,2,0,0.105263157894737,0,0.00102960102960103,1525.1,0
1989,"FALL","HAKE",19,1942.5,340.3,1299,17.9105263157895,68.3684210526316,0.175186615186615,0.668725868725869,1525.1,0.223132909317422
1989,"FALL","HERRING",19,1942.5,1049.3,5375,55.2263157894737,282.894736842105,0.54018018018018,2.76705276705277,1525.1,0.688020457674907
1989,"FALL","MACKEREL",19,1942.5,0.1,1,0.00526315789473684,0.0526315789473684,5.14800514800515e-05,0.000514800514800515,1525.1,6.55694708543702e-05
1989,"FALL","POLLOCK",19,1942.5,135.4,225,7.12631578947368,11.8421052631579,0.0697039897039897,0.115830115830116,1525.1,0.0887810635368173
1989,"FALL","SAND LANCE",19,1942.5,0,1,0,0.0526315789473684,0,0.000514800514800515,1525.1,0
1989,"SPRING","HAKE",18,1872.5,183.1,4349,10.1722222222222,241.611111111111,0.0977837116154873,2.32256341789052,602.5,0.303900414937759
1989,"SPRING","HERRING",18,1872.5,416.6,2304,23.1444444444444,128,0.222483311081442,1.23044058744993,602.5,0.691452282157676
1989,"SPRING","POLLOCK",18,1872.5,0.4,8,0.0222222222222222,0.444444444444444,0.000213618157543391,0.00427236315086782,602.5,0.000663900414937759
1989,"SPRING","SAND LANCE",18,1872.5,2.4,384,0.133333333333333,21.3333333333333,0.00128170894526035,0.205073431241656,602.5,0.00398340248962656
1990,"FALL","BUTTERFISH",17,1715,1.2,23,0.0705882352941176,1.35294117647059,0.000699708454810496,0.0134110787172012,502.8,0.00238663484486873
1990,"FALL","HAKE",17,1715,401.5,1593,23.6176470588235,93.7058823529412,0.234110787172012,0.928862973760933,502.8,0.798528241845664
1990,"FALL","HERRING",17,1715,90.4,504,5.31764705882353,29.6470588235294,0.0527113702623907,0.293877551020408,502.8,0.179793158313445
1990,"FALL","POLLOCK",17,1715,9.7,28,0.570588235294118,1.64705882352941,0.00565597667638484,0.0163265306122449,502.8,0.0192919649960223
1990,"SPRING","HAKE",16,1667.75,46.7,448,2.91875,28,0.02800179883076,0.268625393494229,206.8,0.225822050290135
1990,"SPRING","HERRING",16,1667.75,155.8,1174,9.7375,73.375,0.0934192774696447,0.70394243741568,206.8,0.753384912959381
1990,"SPRING","POLLOCK",16,1667.75,4.3,6,0.26875,0.375,0.00257832408934193,0.00359766152001199,206.8,0.0207930367504836
1990,"SPRING","SAND LANCE",16,1667.75,0,21,0,1.3125,0,0.012591815320042,206.8,0
1991,"FALL","BUTTERFISH",15,1575,0.6,16,0.04,1.06666666666667,0.000380952380952381,0.0101587301587302,380.4,0.00157728706624606
1991,"FALL","HAKE",15,1575,273.1,1069,18.2066666666667,71.2666666666667,0.173396825396825,0.678730158730159,380.4,0.717928496319664
1991,"FALL","HERRING",15,1575,93.9,654,6.26,43.6,0.0596190476190476,0.415238095238095,380.4,0.246845425867508
1991,"FALL","MACKEREL",15,1575,6.5,22,0.433333333333333,1.46666666666667,0.00412698412698413,0.013968253968254,380.4,0.0170872765509989
1991,"FALL","POLLOCK",15,1575,6.3,8,0.42,0.533333333333333,0.004,0.00507936507936508,380.4,0.0165615141955836
1991,"SPRING","HAKE",17,1785,46.1,1025,2.71176470588235,60.2941176470588,0.0258263305322129,0.574229691876751,87,0.529885057471264
1991,"SPRING","HERRING",17,1785,33.8,607,1.98823529411765,35.7058823529412,0.0189355742296919,0.340056022408964,87,0.388505747126437
1991,"SPRING","MACKEREL",17,1785,0.5,7,0.0294117647058824,0.411764705882353,0.000280112044817927,0.00392156862745098,87,0.00574712643678161
1991,"SPRING","POLLOCK",17,1785,6.6,24,0.388235294117647,1.41176470588235,0.00369747899159664,0.0134453781512605,87,0.0758620689655172
1991,"SPRING","SAND LANCE",17,1785,0,2,0,0.117647058823529,0,0.00112044817927171,87,0
1992,"FALL","BUTTERFISH",19,1977.5,1.4,39,0.0736842105263158,2.05263157894737,0.000707964601769911,0.0197218710493047,786.3,0.00178049090677858
1992,"FALL","HAKE",19,1977.5,225.6,1125,11.8736842105263,59.2105263157895,0.114083438685209,0.56890012642225,786.3,0.286913391835177
1992,"FALL","HERRING",19,1977.5,447.1,2955,23.5315789473684,155.526315789474,0.226093552465234,1.49431099873578,786.3,0.568612488871932
1992,"FALL","MACKEREL",19,1977.5,76.2,211,4.01052631578947,11.1052631578947,0.0385335018963338,0.106700379266751,786.3,0.09690957649752
1992,"FALL","POLLOCK",19,1977.5,36,80,1.89473684210526,4.21052631578947,0.018204804045512,0.0404551201011378,786.3,0.0457840518885921
1992,"SPRING","BUTTERFISH",20,2068.5,0,1,0,0.05,0,0.00048344210780759,260.1,0
1992,"SPRING","HAKE",20,2068.5,180.8,2933,9.04,146.65,0.0874063330916123,1.41793570219966,260.1,0.695117262591311
1992,"SPRING","HERRING",20,2068.5,61.5,692,3.075,34.6,0.0297316896301668,0.334541938602852,260.1,0.236447520184544
1992,"SPRING","POLLOCK",20,2068.5,7,115,0.35,5.75,0.00338409475465313,0.0555958423978729,260.1,0.0269127258746636
1992,"SPRING","SAND LANCE",20,2068.5,10.8,634,0.54,31.7,0.00522117476432197,0.306502296350012,260.1,0.041522491349481
1993,"FALL","BUTTERFISH",16,1680,0.1,2,0.00625,0.125,5.95238095238095e-05,0.00119047619047619,740.1,0.000135116876097825
1993,"FALL","HAKE",16,1680,196.3,1709,12.26875,106.8125,0.116845238095238,1.0172619047619,740.1,0.26523442778003
1993,"FALL","HERRING",16,1680,487.5,3176,30.46875,198.5,0.290178571428571,1.89047619047619,740.1,0.658694770976895
1993,"FALL","MACKEREL",16,1680,5.8,24,0.3625,1.5,0.00345238095238095,0.0142857142857143,740.1,0.00783677881367383
1993,"FALL","POLLOCK",16,1680,50.4,72,3.15,4.5,0.03,0.0428571428571429,740.1,0.0680989055533036
1993,"SPRING","HAKE",19,1939,146.9,1436,7.73157894736842,75.5789473684211,0.0757607013924703,0.740587931923672,283.4,0.518348623853211
1993,"SPRING","HERRING",19,1939,127.3,973,6.7,51.2105263157895,0.0656523981433729,0.501805054151625,283.4,0.449188426252646
1993,"SPRING","POLLOCK",19,1939,9.2,108,0.48421052631579,5.68421052631579,0.00474471376998453,0.0556988138215575,283.4,0.0324629498941426
1994,"FALL","BUTTERFISH",19,1981,30.5,1357,1.60526315789474,71.4210526315789,0.0153962645128723,0.685007571933367,505.6,0.0603243670886076
1994,"FALL","HAKE",19,1981,345,2161,18.1578947368421,113.736842105263,0.174154467440687,1.09086320040384,505.6,0.682357594936709
1994,"FALL","HERRING",19,1981,89.1,1012,4.68947368421053,53.2631578947368,0.044977284199899,0.510853104492681,505.6,0.176226265822785
1994,"FALL","MACKEREL",19,1981,38.2,129,2.01052631578947,6.78947368421053,0.0192831903079253,0.0651186269560828,505.6,0.0755537974683544
1994,"FALL","POLLOCK",19,1981,2.8,3,0.147368421052632,0.157894736842105,0.00141342756183746,0.00151438667339727,505.6,0.0055379746835443
1994,"SPRING","HAKE",18,1872.5,67.8,981,3.76666666666667,54.5,0.0362082777036048,0.523898531375167,104.5,0.648803827751196
1994,"SPRING","HERRING",18,1872.5,34.8,694,1.93333333333333,38.5555555555556,0.018584779706275,0.370627503337784,104.5,0.333014354066986
1994,"SPRING","POLLOCK",18,1872.5,1.9,19,0.105555555555556,1.05555555555556,0.00101468624833111,0.0101468624833111,104.5,0.0181818181818182
1995,"FALL","BUTTERFISH",16,1680,57.2,842,3.575,52.625,0.034047619047619,0.501190476190476,1195.4,0.0478500920194077
1995,"FALL","HAKE",16,1680,380.2,2254,23.7625,140.875,0.226309523809524,1.34166666666667,1195.4,0.318052534716413
1995,"FALL","HERRING",16,1680,739.5,5500,46.21875,343.75,0.440178571428571,3.27380952380952,1195.4,0.618621381964196
1995,"FALL","MACKEREL",16,1680,10.7,148,0.66875,9.25,0.00636904761904762,0.0880952380952381,1195.4,0.00895097875188221
1995,"FALL","POLLOCK",16,1680,7.8,17,0.4875,1.0625,0.00464285714285714,0.0101190476190476,1195.4,0.00652501254810105
1995,"SPRING","HAKE",18,1865.5,81.1,1120,4.50555555555556,62.2222222222222,0.0434735995711605,0.600375234521576,182.1,0.445359692476661
1995,"SPRING","HERRING",18,1865.5,99.5,791,5.52777777777778,43.9444444444444,0.0533369069954436,0.424015009380863,182.1,0.546403075233388
1995,"SPRING","MACKEREL",18,1865.5,0.1,2,0.00555555555555556,0.111111111111111,5.36049316537121e-05,0.00107209863307424,182.1,0.000549148819330038
1995,"SPRING","POLLOCK",18,1865.5,0.9,4,0.05,0.222222222222222,0.000482444384883409,0.00214419726614849,182.1,0.00494233937397035
1995,"SPRING","SAND LANCE",18,1865.5,0.5,14,0.0277777777777778,0.777777777777778,0.000268024658268561,0.0075046904315197,182.1,0.00274574409665019
1996,"FALL","BUTTERFISH",17,1737.75,0.1,5,0.00588235294117647,0.294117647058824,5.75456768810243e-05,0.00287728384405122,395.3,0.000252972426005565
1996,"FALL","HAKE",17,1737.75,259.5,2036,15.2647058823529,119.764705882353,0.149331031506258,1.17162998129765,395.3,0.656463445484442
1996,"FALL","HERRING",17,1737.75,110.9,762,6.52352941176471,44.8235294117647,0.063818155661056,0.438498057833405,395.3,0.280546420440172
1996,"FALL","MACKEREL",17,1737.75,0.9,5,0.0529411764705882,0.294117647058824,0.000517911091929219,0.00287728384405122,395.3,0.00227675183405009
1996,"FALL","POLLOCK",17,1737.75,23.9,99,1.40588235294118,5.82352941176471,0.0137534167745648,0.0569702201122141,395.3,0.0604604098153301
1996,"SPRING","HAKE",22,2310,137.2,1391,6.23636363636364,63.2272727272727,0.0593939393939394,0.602164502164502,147.5,0.930169491525424
1996,"SPRING","HERRING",22,2310,6.4,174,0.290909090909091,7.90909090909091,0.00277056277056277,0.0753246753246753,147.5,0.0433898305084746
1996,"SPRING","POLLOCK",22,2310,0.1,2,0.00454545454545455,0.0909090909090909,4.32900432900433e-05,0.000865800865800866,147.5,0.000677966101694915
1996,"SPRING","SAND LANCE",22,2310,3.8,262,0.172727272727273,11.9090909090909,0.00164502164502165,0.113419913419913,147.5,0.0257627118644068
1997,"FALL","BUTTERFISH",18,2052,0.3,12,0.0166666666666667,0.666666666666667,0.000146198830409357,0.00584795321637427,608.4,0.000493096646942801
1997,"FALL","HAKE",18,2052,325,1703,18.0555555555556,94.6111111111111,0.158382066276803,0.829922027290448,608.4,0.534188034188034
1997,"FALL","HERRING",18,2052,234.2,1692,13.0111111111111,94,0.114132553606238,0.824561403508772,608.4,0.384944115713346
1997,"FALL","MACKEREL",18,2052,0.4,1,0.0222222222222222,0.0555555555555556,0.000194931773879142,0.000487329434697856,608.4,0.000657462195923734
1997,"FALL","POLLOCK",18,2052,47.9,157,2.66111111111111,8.72222222222222,0.0233430799220273,0.0765107212475633,608.4,0.0787310979618672
1997,"FALL","SAND LANCE",18,2052,0.6,39,0.0333333333333333,2.16666666666667,0.000292397660818713,0.0190058479532164,608.4,0.000986193293885602
1997,"SPRING","HAKE",20,2257.2,100.7,825,5.035,41.25,0.0446127946127946,0.365497076023392,279.8,0.359899928520372
1997,"SPRING","HERRING",20,2257.2,18.1,391,0.905,19.55,0.00801878433457381,0.173223462697147,279.8,0.0646890636168692
1997,"SPRING","MACKEREL",20,2257.2,5.3,27,0.265,1.35,0.00234804182172603,0.0119617224880383,279.8,0.0189421015010722
1997,"SPRING","POLLOCK",20,2257.2,155.7,258,7.785,12.9,0.0689792663476874,0.114300903774588,279.8,0.556468906361687
1998,"FALL","BUTTERFISH",26,2914.6,3.2,63,0.123076923076923,2.42307692307692,0.0010979208124614,0.0216153159953338,606.3,0.00527791522348672
1998,"FALL","HAKE",26,2914.6,312.3,3356,12.0115384615385,129.076923076923,0.107150209291155,1.15144445206889,606.3,0.515091538842157
1998,"FALL","HERRING",26,2914.6,193.8,1649,7.45384615384615,63.4230769230769,0.0664928292046936,0.565772318671516,606.3,0.319643740722415
1998,"FALL","MACKEREL",26,2914.6,24.4,143,0.938461538461538,5.5,0.00837164619501818,0.0490633363068689,606.3,0.0402441035790863
1998,"FALL","POLLOCK",26,2914.6,72.6,290,2.79230769230769,11.1538461538462,0.024909078432718,0.0994990736293145,606.3,0.119742701632855
1998,"FALL","SAND LANCE",26,2914.6,0,1,0,0.0384615384615385,0,0.000343100253894188,606.3,0
1998,"SPRING","HAKE",24,2680.9,182.3,4619,7.59583333333333,192.458333333333,0.0679995523891231,1.72292886717147,321.2,0.567559153175592
1998,"SPRING","HERRING",24,2680.9,98.1,2564,4.0875,106.833333333333,0.0365921891901973,0.956395240404342,321.2,0.305417185554172
1998,"SPRING","MACKEREL",24,2680.9,1.4,19,0.0583333333333333,0.791666666666667,0.000522212689768361,0.0070871722182849,321.2,0.00435865504358655
1998,"SPRING","POLLOCK",24,2680.9,20.6,172,0.858333333333333,7.16666666666667,0.00768398672087732,0.0641575590286844,321.2,0.064134495641345
1998,"SPRING","SAND LANCE",24,2680.9,18.8,1519,0.783333333333333,63.2916666666667,0.00701257040546085,0.566600768398672,321.2,0.0585305105853051
1999,"FALL","BUTTERFISH",32,3602.4,7.4,331,0.23125,10.34375,0.00205418609815678,0.091883188985121,1095,0.00675799086757991
1999,"FALL","HAKE",32,3602.4,717.2,5954,22.4125,186.0625,0.199089495891628,1.65278703086831,1095,0.654977168949772
1999,"FALL","HERRING",32,3602.4,258,1903,8.0625,59.46875,0.0716189207195203,0.528258938485454,1095,0.235616438356164
1999,"FALL","MACKEREL",32,3602.4,11.5,43,0.359375,1.34375,0.00319231623362203,0.0119364867865867,1095,0.0105022831050228
1999,"FALL","POLLOCK",32,3602.4,100.9,255,3.153125,7.96875,0.0280091050410837,0.0707861425716189,1095,0.0921461187214612
1999,"FALL","SAND LANCE",32,3602.4,0,1,0,0.03125,0,0.000277592715967133,1095,0
1999,"SPRING","HAKE",19,2166,145.2,1829,7.64210526315789,96.2631578947368,0.0670360110803324,0.844413665743306,228.9,0.634338138925295
1999,"SPRING","HERRING",19,2166,20.7,550,1.08947368421053,28.9473684210526,0.00955678670360111,0.253924284395199,228.9,0.09043250327654
1999,"SPRING","POLLOCK",19,2166,63,441,3.31578947368421,23.2105263157895,0.0290858725761773,0.203601108033241,228.9,0.275229357798165
2000,"FALL","BUTTERFISH",21,2352.2,17.8,167,0.847619047619048,7.95238095238095,0.00756738372587365,0.0709973641697135,1055.7,0.0168608506204414
2000,"FALL","HAKE",21,2352.2,622.6,4832,29.647619047619,230.095238095238,0.264688376838704,2.05424708783267,1055.7,0.589750876195889
2000,"FALL","HERRING",21,2352.2,326.8,2258,15.5619047619048,107.52380952381,0.138933764135703,0.959952385001275,1055.7,0.309557639480913
2000,"FALL","MACKEREL",21,2352.2,7.2,20,0.342857142857143,0.952380952380952,0.00306096420372417,0.00850267834367826,1055.7,0.00682011935208866
2000,"FALL","POLLOCK",21,2352.2,81.3,175,3.87142857142857,8.33333333333333,0.0345633874670521,0.0743984355071848,1055.7,0.0770105143506678
2000,"SPRING","HAKE",18,2040.6,265.8,2666,14.7666666666667,148.111111111111,0.130255807115554,1.30647848671959,379.5,0.700395256916996
2000,"SPRING","HERRING",18,2040.6,59.1,1805,3.28333333333333,100.277777777778,0.0289620699794178,0.884543761638734,379.5,0.155731225296443
2000,"SPRING","MACKEREL",18,2040.6,40.4,601,2.24444444444444,33.3888888888889,0.0197980985984514,0.29452121924924,379.5,0.106455862977602
2000,"SPRING","POLLOCK",18,2040.6,14.2,57,0.788888888888889,3.16666666666667,0.00695873762618838,0.0279329608938548,379.5,0.0374176548089592
2000,"SPRING","SAND LANCE",18,2040.6,0,1,0,0.0555555555555556,0,0.000490051945506224,379.5,0
2001,"FALL","BUTTERFISH",17,1924.814,14.595,436,0.858529411764706,25.6470588235294,0.00758255083348313,0.226515393175652,582.951,0.0250364095781635
2001,"FALL","HAKE",17,1924.814,331.111,1390,19.4771176470588,81.7647058823529,0.172022335664641,0.722147698426965,582.951,0.567991134760898
2001,"FALL","HERRING",17,1924.814,151.682,1127,8.92247058823529,66.2941176470588,0.0788034584120855,0.585511119515964,582.951,0.260196826148338
2001,"FALL","MACKEREL",17,1924.814,7.31,34,0.43,2,0.00379776955072023,0.0176640444219545,582.951,0.0125396474146198
2001,"FALL","POLLOCK",17,1924.814,78.253,86,4.60311764705882,5.05882352941176,0.040654837298565,0.0446796417731791,582.951,0.134235982097981
2001,"SPRING","HAKE",15,1713.268,224.709,2709,14.9806,180.6,0.131158114200464,1.58118869902432,329.659,0.681640725719607
2001,"SPRING","HERRING",15,1713.268,103.399,1006,6.89326666666667,67.0666666666667,0.0603519122519069,0.587181923668685,329.659,0.313654412589979
2001,"SPRING","MACKEREL",15,1713.268,0.272,2,0.0181333333333333,0.133333333333333,0.000158760917731493,0.00116735968920216,329.659,0.000825095022432271
2001,"SPRING","POLLOCK",15,1713.268,0.99,10,0.066,0.666666666666667,0.000577843046155067,0.00583679844601078,329.659,0.00300310320664687
2001,"SPRING","SAND LANCE",15,1713.268,0.289,16,0.0192666666666667,1.06666666666667,0.000168683475089712,0.00933887751361725,329.659,0.000876663461334288
2002,"FALL","BUTTERFISH",19,2112.572,371.693,16599,19.5627894736842,873.631578947368,0.175943352463253,7.85724699560536,2748.661,0.135226934132656
2002,"FALL","HAKE",19,2112.572,495.853,3480,26.0975263157895,183.157894736842,0.234715313844925,1.64728113408679,2748.661,0.180398019253738
2002,"FALL","HERRING",19,2112.572,1804.673,13222,94.9827894736842,695.894736842105,0.854253961521785,6.25872159623435,2748.661,0.656564414454893
2002,"FALL","MACKEREL",19,2112.572,60.09,429,3.16263157894737,22.5789473684211,0.0284440009618607,0.203070001874492,2748.661,0.0218615536801373
2002,"FALL","POLLOCK",19,2112.572,16.352,11,0.860631578947368,0.578947368421053,0.00774032790361701,0.00520692312498698,2748.661,0.00594907847857557
2002,"SPRING","HAKE",23,2589.966,301.088,2152,13.0907826086957,93.5652173913043,0.116251719134537,0.830898938441663,602.43,0.499789187125475
2002,"SPRING","HERRING",23,2589.966,119.414,1122,5.19191304347826,48.7826086956522,0.0461063967635096,0.433210320135477,602.43,0.198220540145743
2002,"SPRING","MACKEREL",23,2589.966,0.53,1,0.0230434782608696,0.0434782608695652,0.000204635890973086,0.0003861054546662,602.43,0.000879770263765085
2002,"SPRING","POLLOCK",23,2589.966,181.012,1112,7.87008695652174,48.3478260869565,0.0698897205600382,0.429349265588815,602.43,0.300469764121973
2002,"SPRING","SAND LANCE",23,2589.966,0.386,22,0.0167826086956522,0.956521739130435,0.000149036705501153,0.00849432000265641,602.43,0.000640738343044005
2003,"FALL","BUTTERFISH",19,2111.622,95.21,2977,5.01105263157895,156.684210526316,0.0450885622521455,1.40981671909082,700.651,0.135887909958025
2003,"FALL","HAKE",19,2111.622,223.109,2026,11.7425789473684,106.631578947368,0.105657641377103,0.959452023136717,700.651,0.318431002025259
2003,"FALL","HERRING",19,2111.622,357.547,2771,18.8182631578947,145.842105263158,0.16932339216015,1.31226138011443,700.651,0.510306843207246
2003,"FALL","MACKEREL",19,2111.622,2.075,12,0.109210526315789,0.631578947368421,0.00098265693386411,0.00568283528017799,700.651,0.00296153149000001
2003,"FALL","POLLOCK",19,2111.622,22.71,89,1.19526315789474,4.68421052631579,0.0107547657677368,0.0421476949946534,700.651,0.03241271331947
2003,"SPRING","HAKE",19,2099.576,47.279,1408,2.48836842105263,74.1052631578947,0.0225183560871338,0.67061159014963,251.375,0.188081551466932
2003,"SPRING","HERRING",19,2099.576,193.443,3247,10.1812105263158,170.894736842105,0.0921343166429793,1.54650272245444,251.375,0.76953953257086
2003,"SPRING","POLLOCK",19,2099.576,10.645,35,0.560263157894737,1.84210526315789,0.00507007129058438,0.0166700324255945,251.375,0.0423470909995027
2003,"SPRING","SAND LANCE",19,2099.576,0.008,1,0.000421052631578947,0.0526315789473684,3.81029312585017e-06,0.000476286640731271,251.375,3.18249627051218e-05
2004,"FALL","BUTTERFISH",16,1836.084,0.579,25,0.0361875,1.5625,0.000315345049572895,0.0136159347829402,456.855,0.00126736054109072
2004,"FALL","HAKE",16,1836.084,160.02,1205,10.00125,75.3125,0.0871528753586437,0.656288056537718,456.855,0.350264307055849
2004,"FALL","HERRING",16,1836.084,221.464,2246,13.8415,140.375,0.120617575230763,1.22325558089935,456.855,0.484757745893117
2004,"FALL","MACKEREL",16,1836.084,3.941,22,0.2463125,1.375,0.0021464159591827,0.0119820226089874,456.855,0.00862636941699226
2004,"FALL","POLLOCK",16,1836.084,70.82,98,4.42625,6.125,0.038571220053113,0.0533744643491256,456.855,0.155016361865362
2004,"FALL","SAND LANCE",16,1836.084,0.031,1,0.0019375,0.0625,1.68837591308459e-05,0.000544637391317609,456.855,6.78552275886222e-05
2004,"SPRING","HAKE",20,2236.946,114.273,2226,5.71365,111.3,0.0510843802219633,0.995106721396046,172.413,0.662786448817664
2004,"SPRING","HERRING",20,2236.946,56.449,1166,2.82245,58.3,0.0252348514447823,0.521246377874119,172.413,0.327405706066248
2004,"SPRING","POLLOCK",20,2236.946,1.691,18,0.08455,0.9,0.000755941359335451,0.00804668507867423,172.413,0.00980784511608753
2005,"FALL","BUTTERFISH",17,1905.206,1.737,149,0.102176470588235,8.76470588235294,0.000911712434245956,0.0782067660924855,1555.488,0.00111669135345306
2005,"FALL","HAKE",17,1905.206,78.845,482,4.63794117647059,28.3529411764706,0.0413839763259196,0.252991015144819,1555.488,0.050688272747845
2005,"FALL","HERRING",17,1905.206,631.038,6955,37.1198823529412,409.117647058824,0.331217726587046,3.65052388035729,1555.488,0.405684904030118
2005,"FALL","MACKEREL",17,1905.206,19.305,385,1.13558823529412,22.6470588235294,0.0101327625464123,0.202077885540986,1555.488,0.0124108961303462
2005,"FALL","POLLOCK",17,1905.206,824.563,537,48.5037058823529,31.5882352941176,0.432794668922941,0.281859284507817,1555.488,0.530099235738238
2005,"SPRING","HAKE",21,2394.95,122.873,514,5.85109523809524,24.4761904761905,0.0513050376834589,0.214618259253847,414.436,0.296482448435947
2005,"SPRING","HERRING",21,2394.95,33.653,1464,1.60252380952381,69.7142857142857,0.0140516503476064,0.611286248147143,414.436,0.0812019226129004
2005,"SPRING","POLLOCK",21,2394.95,257.91,118,12.2814285714286,5.61904761904762,0.107689095805758,0.0492703396730621,414.436,0.622315628951153
2006,"FALL","BUTTERFISH",29,3188.276,251.008,7866,8.65544827586207,271.241379310345,0.0787284413269115,2.46716407237015,1948.937,0.128792259575348
2006,"FALL","HAKE",29,3188.276,226.229,950,7.801,32.7586206896552,0.0709565294849003,0.297966675407022,1948.937,0.116078149268037
2006,"FALL","HERRING",29,3188.276,1263.598,13590,43.5723448275862,468.620689655172,0.396326415906277,4.26249170398046,1948.937,0.64835240954428
2006,"FALL","MACKEREL",29,3188.276,30.96,419,1.06758620689655,14.448275862069,0.00971057712694886,0.131418986311097,1948.937,0.0158855827561383
2006,"FALL","POLLOCK",29,3188.276,177.135,331,6.10810344827586,11.4137931034483,0.0555582389981294,0.103817862694447,1948.937,0.0908880071546695
2006,"FALL","SAND LANCE",29,3188.276,0.007,1,0.000241379310344828,0.0344827586206897,2.19554392405174e-06,0.000313649132007392,1948.937,3.59170152755066e-06
2006,"SPRING","BUTTERFISH",23,2608.928,0.012,1,0.000521739130434783,0.0434782608695652,4.59959032982129e-06,0.000383299194151774,351.298,3.41590330716372e-05
2006,"SPRING","HAKE",23,2608.928,60.408,675,2.6264347826087,29.3478260869565,0.0231543377203204,0.258726956052448,351.298,0.171956572482622
2006,"SPRING","HERRING",23,2608.928,108.111,3926,4.70047826086957,170.695652173913,0.0414388591789425,1.50483263623987,351.298,0.307747268700647
2006,"SPRING","POLLOCK",23,2608.928,180.936,73,7.86678260869565,3.17391304347826,0.0693526229930454,0.0279808411730795,351.298,0.515049900654145
2006,"SPRING","SAND LANCE",23,2608.928,1.831,129,0.0796086956521739,5.60869565217391,0.000701820824491899,0.0494455960455789,351.298,0.00521209912951397
2007,"FALL","BUTTERFISH",21,2271.792,3.09,117,0.147142857142857,5.57142857142857,0.0013601597329333,0.0515011937712608,734.006,0.00420977485197669
2007,"FALL","HAKE",21,2271.792,277.081,1677,13.1943333333333,79.8571428571429,0.121965831378929,0.738183777388071,734.006,0.377491464647428
2007,"FALL","HERRING",21,2271.792,241.315,1798,11.4911904761905,85.6190476190476,0.106222312606084,0.791445695732708,734.006,0.32876434252581
2007,"FALL","MACKEREL",21,2271.792,75,1531,3.57142857142857,72.9047619047619,0.0330135857508082,0.673917330459831,734.006,0.10217900126157
2007,"FALL","POLLOCK",21,2271.792,60.7,15,2.89047619047619,0.714285714285714,0.0267189954009874,0.00660271715016163,734.006,0.0826968716876974
2007,"FALL","SAND LANCE",21,2271.792,76.82,4665,3.65809523809524,222.142857142857,0.0338147154316945,2.05344503370027,734.006,0.104658545025518
2007,"SPRING","HAKE",20,2215.476,175.581,1821,8.77905,91.05,0.0792520433532117,0.821945261424633,287.358,0.61101831165306
2007,"SPRING","HERRING",20,2215.476,8.48,197,0.424,9.85,0.00382761988845738,0.0889199431634556,287.358,0.0295102276602705
2007,"SPRING","MACKEREL",20,2215.476,0.308,3,0.0154,0.15,0.000139022043118499,0.00135411080959577,287.358,0.00107183374049096
2007,"SPRING","POLLOCK",20,2215.476,94.974,79,4.7487,3.95,0.0428684400101829,0.0356582513193553,287.358,0.330507589835675
2007,"SPRING","SAND LANCE",20,2215.476,8.015,552,0.40075,27.6,0.00361773271297003,0.249156388965622,287.358,0.0278920371105033
2008,"FALL","BUTTERFISH",17,1930.134,4.195,384,0.246764705882353,22.5882352941176,0.00217342422857688,0.19894991746687,918.456,0.00456744797791076
2008,"FALL","HAKE",17,1930.134,206.889,2531,12.1699411764706,148.882352941176,0.107188930923967,1.31130791955377,918.456,0.225257388486765
2008,"FALL","HERRING",17,1930.134,508.92,5544,29.9364705882353,326.117647058824,0.263670812492811,2.87233943342794,918.456,0.554103843842274
2008,"FALL","MACKEREL",17,1930.134,20.44,131,1.20235294117647,7.70588235294118,0.0105899383151636,0.0678709353858333,918.456,0.0222547405645997
2008,"FALL","POLLOCK",17,1930.134,177.988,26,10.4698823529412,1.52941176470588,0.0922153591408679,0.013470567328486,918.456,0.193790448317611
2008,"FALL","SAND LANCE",17,1930.134,0.024,3,0.00141176470588235,0.176470588235294,1.24343698416794e-05,0.00155429623020992,918.456,2.61308108390603e-05
2008,"SPRING","HAKE",18,2053.9,265.829,2039,14.7682777777778,113.277777777778,0.129426456984274,0.99274550854472,647.991,0.410235635988771
2008,"SPRING","HERRING",18,2053.9,65.807,806,3.65594444444444,44.7777777777778,0.0320400214226593,0.392424168654754,647.991,0.101555422837663
2008,"SPRING","POLLOCK",18,2053.9,194.5,54,10.8055555555556,3,0.0946978918155704,0.0262914455426262,647.991,0.300158489855569
2008,"SPRING","SAND LANCE",18,2053.9,121.855,10132,6.76972222222222,562.888888888889,0.0593285943814207,4.93305418959053,647.991,0.188050451317997
2009,"FALL","BUTTERFISH",20,1203.09,23.912,844,1.1956,42.2,0.0198754872869029,0.701526901561812,2154.475,0.0110987595585932
2009,"FALL","HAKE",20,1203.09,1334.514,22682,66.7257,1134.1,1.10923871032092,18.853119882968,2154.475,0.619414938674155
2009,"FALL","HERRING",20,1203.09,766.851,8247,38.34255,412.35,0.637401191930778,6.85484876443159,2154.475,0.355934044256721
2009,"FALL","MACKEREL",20,1203.09,14.651,76,0.73255,3.8,0.0121778088089835,0.0631706688610162,2154.475,0.00680026456561343
2009,"FALL","POLLOCK",20,1203.09,14.407,41,0.72035,2.05,0.0119749977142192,0.0340789134644956,2154.475,0.00668701191705636
2009,"FALL","SAND LANCE",20,1203.09,0.14,16,0.007,0.8,0.000116367021586082,0.0132990881812666,2154.475,6.49810278606157e-05
2009,"SPRING","HAKE",23,1370.55,408.285,11381,17.7515217391304,494.826086956522,0.297898653825107,8.30396556127102,911.385,0.447983014861996
2009,"SPRING","HERRING",23,1370.55,439.973,5332,19.1292608695652,231.826086956522,0.321019298821641,3.89040895990661,911.385,0.482752075138388
2009,"SPRING","POLLOCK",23,1370.55,63.112,95,2.744,4.1304347826087,0.0460486665937033,0.0693152384079384,911.385,0.0692484515325576
2009,"SPRING","SAND LANCE",23,1370.55,0.015,1,0.000652173913043478,0.0434782608695652,1.09445113275692e-05,0.000729634088504615,911.385,1.64584670583782e-05
2010,"FALL","BUTTERFISH",18,1073.58,12.059,306,0.669944444444444,17,0.0112325117830064,0.285027664449785,1572.45,0.00766892429012051
2010,"FALL","HAKE",18,1073.58,979.713,14229,54.4285,790.5,0.912566366735595,13.253786396915,1572.45,0.623048745588095
2010,"FALL","HERRING",18,1073.58,449.9,5419,24.9944444444444,301.055555555556,0.419065183777641,5.0475977570372,1572.45,0.286114025883176
2010,"FALL","MACKEREL",18,1073.58,35.95,499,1.99722222222222,27.7222222222222,0.0334860932580711,0.464800014903407,1572.45,0.0228624121593691
2010,"FALL","POLLOCK",18,1073.58,94.828,29,5.26822222222222,1.61111111111111,0.0883287691648503,0.0270124257158293,1572.45,0.0603058920792394
2010,"SPRING","BUTTERFISH",24,1441.74,0.044,1,0.00183333333333333,0.0416666666666667,3.05186788186497e-05,0.000693606336787493,965.006,4.55955714264989e-05
2010,"SPRING","HAKE",24,1441.74,645.897,19308,26.912375,804.5,0.447998252112031,13.3921511506929,965.006,0.669319154492304
2010,"SPRING","HERRING",24,1441.74,290.426,3630,12.1010833333333,151.25,0.201441313967844,2.5177910025386,965.006,0.300957714252554
2010,"SPRING","POLLOCK",24,1441.74,27.986,67,1.16608333333333,2.79166666666667,0.0194112669413348,0.046471624564762,965.006,0.0290008559532272
2010,"SPRING","SAND LANCE",24,1441.74,0.653,39,0.0272083333333333,1.625,0.000452924937922233,0.0270506471347122,965.006,0.000676679730488722
2011,"FALL","BUTTERFISH",28,1989.30629293274,104.446,3436,3.73021428571429,122.714285714286,0.0525037297529585,1.72723527402835,3734.178,0.0279702788672634
2011,"FALL","HAKE",28,1989.30629293274,1756.851,16348,62.7446785714286,583.857142857143,0.883147560655409,8.21794012218147,3734.178,0.470478643492624
2011,"FALL","HERRING",28,1989.30629293274,1436.164,18548,51.2915714285714,662.428571428571,0.721942118768817,9.32385327784572,3734.178,0.38459977001632
2011,"FALL","MACKEREL",28,1989.30629293274,95.741,779,3.41932142857143,27.8214285714286,0.0481278324711142,0.391593794664752,3734.178,0.0256391098656786
2011,"FALL","POLLOCK",28,1989.30629293274,340.976,444,12.1777142857143,15.8571428571429,0.171404474620807,0.223193382324968,3734.178,0.0913121977581144
2011,"SPRING","BUTTERFISH",22,1324.23,0.102,3,0.00463636363636364,0.136363636363636,7.70258942932874e-05,0.00226546747921434,1717.333,5.93944214663085e-05
2011,"SPRING","HAKE",22,1324.23,755.192,13380,34.3269090909091,608.181818181818,0.570287638854278,10.1039849572959,1717.333,0.439746979764554
2011,"SPRING","HERRING",22,1324.23,140.075,2549,6.36704545454545,115.863636363636,0.105778452383649,1.92489220150578,1717.333,0.081565427322482
2011,"SPRING","POLLOCK",22,1324.23,821.85,532,37.3568181818182,24.1818181818182,0.620624815930767,0.401742899647342,1717.333,0.478561816491036
2011,"SPRING","SAND LANCE",22,1324.23,0.114,5,0.00518181818181818,0.227272727272727,8.60877642101448e-05,0.00377577913202389,1717.333,6.63820004623448e-05
2012,"FALL","BUTTERFISH",30,2128.31403471362,48.14,1774,1.60466666666667,59.1333333333333,0.02261884252738,0.833523611208394,4402.526,0.0109346316183028
2012,"FALL","HAKE",30,2128.31403471362,3123.254,42698,104.108466666667,1423.26666666667,1.4674779891776,20.0618890368523,4402.526,0.70942318114646
2012,"FALL","HERRING",30,2128.31403471362,863.461,8786,28.7820333333333,292.866666666667,0.4057018775973,4.12815019621023,4402.526,0.196128540751378
2012,"FALL","MACKEREL",30,2128.31403471362,290.353,2326,9.67843333333333,77.5333333333333,0.136423946496725,1.09288383295982,4402.526,0.0659514560504583
2012,"FALL","POLLOCK",30,2128.31403471362,77.318,94,2.57726666666667,3.13333333333333,0.036328285553219,0.0441664145736127,4402.526,0.0175621904334012
2012,"SPRING","BUTTERFISH",39,2760.9005049135,0.311,14,0.00797435897435897,0.358974358974359,0.00011264440694133,0.00507080931568688,5070.086,6.13401823953282e-05
2012,"SPRING","HAKE",39,2760.9005049135,2197.881,63966,56.3559230769231,1640.15384615385,0.796073960683657,23.1685277633734,5070.086,0.433499747341564
2012,"SPRING","HERRING",39,2760.9005049135,2617.025,58420,67.1032051282051,1497.94871794872,0.947888196384676,21.1597628730305,5070.086,0.51616974544416
2012,"SPRING","MACKEREL",39,2760.9005049135,114.802,1754,2.94364102564103,44.974358974359,0.0415813607899632,0.635299967122485,5070.086,0.0226430084223423
2012,"SPRING","POLLOCK",39,2760.9005049135,140.067,104,3.59146153846154,2.66666666666667,0.050732360601451,0.0376688692022454,5070.086,0.0276261586095384
2013,"FALL","BUTTERFISH",24,1701.55707023273,12.974,377,0.540583333333333,15.7083333333333,0.00762478098852454,0.221561772211635,1582.277,0.00819957567480283
2013,"FALL","HAKE",24,1701.55707023273,1299.358,17977,54.1399166666667,749.041666666667,0.763628809595134,10.5650291221447,1582.277,0.821195024638543
2013,"FALL","HERRING",24,1701.55707023273,232.129,2647,9.67204166666667,110.291666666667,0.13642151889049,1.5556339815496,1582.277,0.146705665316503
2013,"FALL","MACKEREL",24,1701.55707023273,4.073,17,0.169708333333333,0.708333333333333,0.00239368991569758,0.00999084914482174,1582.277,0.00257413840939355
2013,"FALL","POLLOCK",24,1701.55707023273,33.743,130,1.40595833333333,5.41666666666667,0.0198306601584541,0.0764006111074603,1582.277,0.0213255959607578
2013,"SPRING","BUTTERFISH",31,2186.75199413849,0.148,7,0.0047741935483871,0.225806451612903,6.76802858288038e-05,0.00320109460001099,2768.656,5.34555394386301e-05
2013,"SPRING","HAKE",31,2186.75199413849,828.496,17633,26.7256774193548,568.806451612903,0.378870581675815,8.06355729742768,2768.656,0.299241220288833
2013,"SPRING","HERRING",31,2186.75199413849,918.172,14248,29.6184516129032,459.612903225806,0.419879347297327,6.51559940870808,2768.656,0.331630942955716
2013,"SPRING","MACKEREL",31,2186.75199413849,903.538,5688,29.1463870967742,183.483870967742,0.41318723038639,2.60111801212322,2768.656,0.326345345900682
2013,"SPRING","POLLOCK",31,2186.75199413849,118.285,35,3.81564516129032,1.12903225806452,0.0540916392517571,0.016005473000055,2768.656,0.042722895152016
2013,"SPRING","SAND LANCE",31,2186.75199413849,0.017,1,0.000548387096774194,0.032258064516129,7.77408688574098e-06,0.000457299228572999,2768.656,6.14016331389671e-06
2014,"FALL","BUTTERFISH",25,1777.54417978276,76.902,3158,3.07608,126.32,0.0432630597172545,1.77660844434592,3641.535,0.0211180175393069
2014,"FALL","HAKE",25,1777.54417978276,2282.842,34540,91.31368,1381.6,1.28426737628484,19.4313032513325,3641.535,0.626890034010383
2014,"FALL","HERRING",25,1777.54417978276,1208.259,10992,48.33036,439.68,0.679735003912906,6.18381254599441,3641.535,0.331799364828294
2014,"FALL","MACKEREL",25,1777.54417978276,68.719,492,2.74876,19.68,0.038659517316975,0.27678636941678,3641.535,0.0188708882380644
2014,"FALL","POLLOCK",25,1777.54417978276,4.806,4,0.19224,0.16,0.00270373026710782,0.00225029568631529,3641.535,0.00131977311765505
2014,"FALL","SAND LANCE",25,1777.54417978276,0.007,2,0.00028,0.08,3.93801745105175e-06,0.00112514784315764,3641.535,1.92226629704232e-06
2014,"SPRING","BUTTERFISH",24,1708.12912038081,0.215,1,0.00895833333333333,0.0416666666666667,0.000125868704792099,0.000585435836242321,1160.274,0.000185301058198322
2014,"SPRING","HAKE",24,1708.12912038081,1034.736,32190,43.114,1341.25,0.605771535450034,18.8451795686403,1160.274,0.891803143050693
2014,"SPRING","HERRING",24,1708.12912038081,106.195,1136,4.42479166666667,47.3333333333333,0.0621703586297532,0.665055109971276,1160.274,0.0915257947691666
2014,"SPRING","MACKEREL",24,1708.12912038081,5.911,70,0.246291666666667,2.91666666666667,0.00346051122802836,0.0409805085369624,1160.274,0.00509448630237341
2014,"SPRING","POLLOCK",24,1708.12912038081,13.217,28,0.550708333333333,1.16666666666667,0.00773770544761475,0.016392203414785,1160.274,0.0113912748195685
2015,"FALL","BUTTERFISH",26,1827.27861333585,58.95,3182,2.26730769230769,122.384615384615,0.0322610901095054,1.74138742541893,3036.754,0.0194121749736725
2015,"FALL","HAKE",26,1827.27861333585,1751.829,13248,67.3780384615385,509.538461538462,0.958709299837909,7.25012589941861,3036.754,0.576875505885561
2015,"FALL","HERRING",26,1827.27861333585,965.549,8870,37.1365,341.153846153846,0.528408198373924,4.85421321919106,3036.754,0.317954302521706
2015,"FALL","MACKEREL",26,1827.27861333585,194.315,1390,7.47365384615385,53.4615384615385,0.106341199739246,0.760694067043469,3036.754,0.0639877316371362
2015,"FALL","POLLOCK",26,1827.27861333585,66.098,115,2.54223076923077,4.42307692307692,0.0361729183046325,0.0629351206546755,3036.754,0.0217660040951621
2015,"FALL","SAND LANCE",26,1827.27861333585,0.013,1,5e-04,0.0384615384615385,7.11440494357201e-06,0.000547261918736308,3036.754,4.28088676264195e-06
2015,"SPRING","HAKE",28,1991.6864408242,1086.214,20413,38.7933571428571,729.035714285714,0.545373999508929,10.2491032632389,1228.829,0.883942354876065
2015,"SPRING","HERRING",28,1991.6864408242,129.983,2574,4.64225,91.9285714285714,0.0652627830042414,1.29237210599015,1228.829,0.105777939810991
2015,"SPRING","MACKEREL",28,1991.6864408242,6.339,56,0.226392857142857,2,0.00318272990671,0.0281168756547973,1228.829,0.00515856966266258
2015,"SPRING","POLLOCK",28,1991.6864408242,5.797,14,0.207035714285714,0.5,0.00291059871733679,0.00702921891369933,1228.829,0.00471749934287033
2015,"SPRING","SAND LANCE",28,1991.6864408242,0.496,41,0.0177142857142857,1.46428571428571,0.000249035184371062,0.0205855696758338,1228.829,0.000403636307411365
2016,"FALL","BUTTERFISH",26,1830.90212206615,76.756,1742,2.95215384615385,67,0.0419225031611094,0.951443541959619,5464.136,0.0140472345490669
2016,"FALL","HAKE",26,1830.90212206615,2270.559,23214,87.3291923076923,892.846153846154,1.24013128426423,12.6789956274688,5464.136,0.41553852246723
2016,"FALL","HERRING",26,1830.90212206615,2882.059,24488,110.848423076923,941.846153846154,1.57411964586487,13.3748274715885,5464.136,0.527450085429792
2016,"FALL","MACKEREL",26,1830.90212206615,141.452,1022,5.44046153846154,39.3076923076923,0.0772580894932675,0.558194776052084,5464.136,0.0258873498024207
2016,"FALL","POLLOCK",26,1830.90212206615,93.31,134,3.58884615384615,5.15384615384615,0.0509639477039334,0.0731879647661245,5464.136,0.0170768077514908
2016,"SPRING","BUTTERFISH",30,2126.89305089781,8.417,154,0.280566666666667,5.13333333333333,0.00395741572264152,0.0724060854564327,4033.103,0.00208697868613819
2016,"SPRING","HAKE",30,2126.89305089781,1676.661,25721,55.8887,857.366666666667,0.788314673035506,12.0932267793825,4033.103,0.41572481535929
2016,"SPRING","HERRING",30,2126.89305089781,2118.914,18429,70.6304666666667,614.3,0.996248494537868,8.66475161608181,4033.103,0.525380581651398
2016,"SPRING","MACKEREL",30,2126.89305089781,62.097,275,2.0699,9.16666666666667,0.0291961083674552,0.129296581172201,4033.103,0.0153968296867201
2016,"SPRING","POLLOCK",30,2126.89305089781,167.014,470,5.56713333333333,15.6666666666667,0.0785248698468874,0.220979611457944,4033.103,0.0414107946164529
2017,"FALL","BUTTERFISH",16,1131.35178954657,21.508,457,1.34425,28.5625,0.0190108860910717,0.403941554008731,3583.643,0.00600171389839892
2017,"FALL","HAKE",16,1131.35178954657,1727.949,18344,107.9968125,1146.5,1.52733130045478,16.2142316558778,3583.643,0.482176656547541
2017,"FALL","HERRING",16,1131.35178954657,1772.329,12878,110.7705625,804.875,1.56655871001037,11.3828431783905,3583.643,0.49456070261463
2017,"FALL","MACKEREL",16,1131.35178954657,51.126,293,3.195375,18.3125,0.0451901879436551,0.258982221716757,3583.643,0.0142664880402428
2017,"FALL","POLLOCK",16,1131.35178954657,10.731,25,0.6706875,1.5625,0.00948511338308029,0.0220974591908496,3583.643,0.00299443889918722
2017,"SPRING","BUTTERFISH",29,2049.73362969974,0.025,2,0.000862068965517241,0.0689655172413793,1.2196706751434e-05,0.000975736540114716,1728.112,1.44666549390317e-05
2017,"SPRING","HAKE",29,2049.73362969974,1383.238,19338,47.6978620689655,666.827586206897,0.6748379301376,9.43439660636919,1728.112,0.800433073782255
2017,"SPRING","HERRING",29,2049.73362969974,234.864,3240,8.09875862068965,111.724137931034,0.114582693378751,1.58069319498584,1728.112,0.13590785782403
2017,"SPRING","MACKEREL",29,2049.73362969974,37.373,344,1.28872413793103,11.8620689655172,0.0182331008568536,0.167826684899731,1728.112,0.0216264918014573
2017,"SPRING","POLLOCK",29,2049.73362969974,72.267,255,2.49196551724138,8.79310344827586,0.0352567762722351,0.124406408864626,1728.112,0.0418184700991602
2017,"SPRING","SAND LANCE",29,2049.73362969974,0.345,43,0.0118965517241379,1.48275862068966,0.000168314553169788,0.0209783356124664,1728.112,0.000199639838158638
2018,"FALL","BUTTERFISH",24,1707.02785792356,50.312,3605,2.09633333333333,150.208333333333,0.0294734498716381,2.11185774342613,2922.862,0.0172132656280043
2018,"FALL","HAKE",24,1707.02785792356,2074.289,24696,86.4287083333333,1029,1.21514654278881,14.4672507161308,2922.862,0.709677364172513
2018,"FALL","HERRING",24,1707.02785792356,442.432,4344,18.4346666666667,181,0.259182647750211,2.54477393549046,2922.862,0.151369445427119
2018,"FALL","MACKEREL",24,1707.02785792356,328.512,2244,13.688,93.5,0.192446771430903,1.31456554126165,2922.862,0.112393948123449
2018,"FALL","POLLOCK",24,1707.02785792356,27.317,35,1.13820833333333,1.45833333333333,0.0160026679548326,0.0205034732371469,2922.862,0.00934597664891466
2018,"SPRING","HAKE",17,1206.80603016568,627.816,23245,36.9303529411765,1367.35294117647,0.520229419067293,19.2615875451075,1458.182,0.430547078485402
2018,"SPRING","HERRING",17,1206.80603016568,215.868,2381,12.6981176470588,140.058823529412,0.178875473443204,1.9729765517273,1458.182,0.148039133660956
2018,"SPRING","MACKEREL",17,1206.80603016568,3.634,18,0.213764705882353,1.05882352941176,0.00301125442628182,0.0149154044229699,1458.182,0.0024921443276628
2018,"SPRING","POLLOCK",17,1206.80603016568,610.864,919,35.9331764705882,54.0588235294118,0.506182422635172,0.76151425915052,1458.182,0.41892164352598
2019,"FALL","BUTTERFISH",22,1549.72494951423,5.988,130,0.272181818181818,5.90909090909091,0.00386391146498415,0.0838858534482197,2071.453,0.00289072453007623
2019,"FALL","HAKE",22,1549.72494951423,1688.708,17382,76.7594545454545,790.090909090909,1.08968239849874,11.2161838818227,2071.453,0.81522873075083
2019,"FALL","HERRING",22,1549.72494951423,286.713,2325,13.0324090909091,105.681818181818,0.185008959228457,1.50026622513162,2071.453,0.138411540112182
2019,"FALL","MACKEREL",22,1549.72494951423,87.064,492,3.95745454545455,22.3636363636364,0.05618029188166,0.317475691511724,2071.453,0.0420304008828586
2019,"FALL","POLLOCK",22,1549.72494951423,2.98,6,0.135454545454545,0.272727272727273,0.0019229218713515,0.00387165477453322,2071.453,0.00143860372405263
2019,"SPRING","HAKE",24,1679.03447675226,995.949,15902,41.497875,662.583333333333,0.593167688805567,9.47091928139506,2024.099,0.492045596583962
2019,"SPRING","HERRING",24,1679.03447675226,1009.007,12105,42.0419583333333,504.375,0.600944777472179,7.20950055975897,2024.099,0.498496862060601
2019,"SPRING","MACKEREL",24,1679.03447675226,16.149,179,0.672875,7.45833333333333,0.00961802763647647,0.106608888905151,2024.099,0.00797836469461227
2019,"SPRING","POLLOCK",24,1679.03447675226,2.293,5,0.0955416666666667,0.208333333333333,0.00136566582267884,0.0029779019247249,2024.099,0.00113284972721196
2019,"SPRING","SAND LANCE",24,1679.03447675226,0.701,44,0.0292083333333333,1.83333333333333,0.00041750184984643,0.0262055369375791,2024.099,0.000346326933613425
