Year,season,Family,Trawls,Trawls_Efforts,Catch_Wt,Catch_Num,Rel_Wt,Rel_Num,ERel_Wt,ERel_Num,Total,Prop
1963,FALL,BUTTERFISH,101,10598,29.2,325,0.289108911,3.217821782,0.002755237,0.030666163,3788.5,0.007707536
1963,FALL,HAKE,101,10598,2768.7,15668,27.41287129,155.1287129,0.261247405,1.478392149,3788.5,0.730816946
1963,FALL,HERRING,101,10598,150.7,733,1.492079208,7.257425743,0.014219664,0.069163993,3788.5,0.039778276
1963,FALL,MACKEREL,101,10598,1.8,6,0.017821782,0.059405941,0.000169843,0.000566145,3788.5,0.000475122
1963,FALL,POLLOCK,101,10598,838.1,203,8.298019802,2.00990099,0.079080959,0.019154557,3788.5,0.22122212
1963,FALL,SAND LANCE,101,10598,0,2,0,0.01980198,0,0.000188715,3788.5,0
1964,FALL,BUTTERFISH,83,8680,1,9,0.012048193,0.108433735,0.000115207,0.001036866,1300.4,0.000768994
1964,FALL,HAKE,83,8680,761.2,2203,9.171084337,26.54216867,0.087695853,0.253801843,1300.4,0.585358351
1964,FALL,HERRING,83,8680,19.8,117,0.238554217,1.409638554,0.002281106,0.013479263,1300.4,0.015226084
1964,FALL,POLLOCK,83,8680,518.4,204,6.245783133,2.457831325,0.059723502,0.023502304,1300.4,0.39864657
1964,FALL,SAND LANCE,83,8680,0,2,0,0.024096386,0,0.000230415,1300.4,0
1965,FALL,BUTTERFISH,81,8480.5,12.8,93,0.158024691,1.148148148,0.001509345,0.010966335,1641,0.007800122
1965,FALL,HAKE,81,8480.5,1207.8,3253,14.91111111,40.16049383,0.142420848,0.383585873,1641,0.736014625
1965,FALL,HERRING,81,8480.5,67,341,0.827160494,4.209876543,0.007900478,0.040209893,1641,0.040828763
1965,FALL,MACKEREL,81,8480.5,9.5,33,0.117283951,0.407407407,0.001120217,0.00389128,1641,0.005789153
1965,FALL,POLLOCK,81,8480.5,303.5,83,3.74691358,1.024691358,0.035787984,0.009787159,1641,0.184948202
1965,FALL,SAND LANCE,81,8480.5,40.4,1184,0.498765432,14.61728395,0.00476387,0.13961441,1641,0.024619135
1966,FALL,HAKE,76,7983.5,1011.3,2184,13.30657895,28.73684211,0.126673765,0.273564226,1294,0.781530139
1966,FALL,HERRING,76,7983.5,84.1,519,1.106578947,6.828947368,0.010534227,0.065009081,1294,0.064992272
1966,FALL,MACKEREL,76,7983.5,9.1,35,0.119736842,0.460526316,0.001139851,0.004384042,1294,0.007032457
1966,FALL,POLLOCK,76,7983.5,189.5,52,2.493421053,0.684210526,0.023736456,0.006513434,1294,0.146445131
1966,FALL,SAND LANCE,76,7983.5,0,1,0,0.013157895,0,0.000125258,1294,0
1967,FALL,BUTTERFISH,87,9135,1.8,24,0.020689655,0.275862069,0.000197044,0.002627258,702.1,0.002563737
1967,FALL,HAKE,87,9135,538,1301,6.183908046,14.95402299,0.058894362,0.142419267,702.1,0.766272611
1967,FALL,HERRING,87,9135,24.5,179,0.281609195,2.057471264,0.002681992,0.019594964,702.1,0.034895314
1967,FALL,MACKEREL,87,9135,1.1,7,0.012643678,0.08045977,0.000120416,0.000766284,702.1,0.001566728
1967,FALL,POLLOCK,87,9135,136.2,42,1.565517241,0.482758621,0.014909688,0.004597701,702.1,0.19398946
1967,FALL,SAND LANCE,87,9135,0.5,20,0.005747126,0.229885057,5.47E-05,0.002189381,702.1,0.000712149
1968,FALL,BUTTERFISH,93,9793,26.3,279,0.282795699,3,0.002685592,0.028489738,999.6,0.026310524
1968,FALL,HAKE,93,9793,551,1278,5.924731183,13.74193548,0.056264679,0.130501379,999.6,0.551220488
1968,FALL,HERRING,93,9793,16.8,137,0.180645161,1.47311828,0.001715511,0.013989584,999.6,0.016806723
1968,FALL,MACKEREL,93,9793,24.3,95,0.261290323,1.021505376,0.002481364,0.009700807,999.6,0.024309724
1968,FALL,POLLOCK,93,9793,380.8,83,4.094623656,0.892473118,0.038884918,0.008475442,999.6,0.380952381
1968,FALL,SAND LANCE,93,9793,0.4,54,0.004301075,0.580645161,4.08E-05,0.005514143,999.6,0.00040016
1968,SPRING,HAKE,85,8760.5,181.7,344,2.137647059,4.047058824,0.020740825,0.039267165,680,0.267205882
1968,SPRING,HERRING,85,8760.5,8.8,250,0.103529412,2.941176471,0.001004509,0.028537184,680,0.012941176
1968,SPRING,POLLOCK,85,8760.5,489.1,141,5.754117647,1.658823529,0.055830147,0.016094972,680,0.719264706
1968,SPRING,SAND LANCE,85,8760.5,0.4,60,0.004705882,0.705882353,4.57E-05,0.006848924,680,0.000588235
1969,FALL,BUTTERFISH,92,9617,5.5,31,0.059782609,0.336956522,0.000571904,0.003223458,2178.3,0.002524905
1969,FALL,HAKE,92,9617,1163.1,3020,12.6423913,32.82608696,0.120942082,0.314027243,2178.3,0.533948492
1969,FALL,HERRING,92,9617,31.6,183,0.343478261,1.989130435,0.003285848,0.019028803,2178.3,0.014506725
1969,FALL,MACKEREL,92,9617,3.3,17,0.035869565,0.184782609,0.000343142,0.001767703,2178.3,0.001514943
1969,FALL,POLLOCK,92,9617,974.8,193,10.59565217,2.097826087,0.101362171,0.020068628,2178.3,0.447504935
1969,FALL,SAND LANCE,92,9617,0,6,0,0.065217391,0,0.000623895,2178.3,0
1969,SPRING,BUTTERFISH,90,9401,0,1,0,0.011111111,0,0.000106372,969.5,0
1969,SPRING,HAKE,90,9401,412.4,996,4.582222222,11.06666667,0.043867674,0.105946176,969.5,0.425373904
1969,SPRING,HERRING,90,9401,25.1,176,0.278888889,1.955555556,0.002669929,0.018721413,969.5,0.025889634
1969,SPRING,POLLOCK,90,9401,495.7,162,5.507777778,1.8,0.052728433,0.017232209,969.5,0.511294482
1969,SPRING,SAND LANCE,90,9401,36.3,1096,0.403333333,12.17777778,0.003861291,0.116583342,969.5,0.03744198
1970,FALL,BUTTERFISH,114,11952.5,0,1,0,0.00877193,0,8.37E-05,2004.7,0
1970,FALL,HAKE,114,11952.5,1678.2,3672,14.72105263,32.21052632,0.140405773,0.307216064,2004.7,0.837132738
1970,FALL,HERRING,114,11952.5,20.5,177,0.179824561,1.552631579,0.001715122,0.014808617,2004.7,0.010225969
1970,FALL,MACKEREL,114,11952.5,3.1,18,0.027192982,0.157894737,0.00025936,0.001505961,2004.7,0.001546366
1970,FALL,POLLOCK,114,11952.5,302.9,80,2.657017544,0.701754386,0.025341979,0.00669316,2004.7,0.151094927
1970,SPRING,BUTTERFISH,98,10262,0,1,0,0.010204082,0,9.74E-05,2535.8,0
1970,SPRING,HAKE,98,10262,1998.6,3144,20.39387755,32.08163265,0.194757357,0.306373027,2535.8,0.78815364
1970,SPRING,HERRING,98,10262,9.9,161,0.101020408,1.642857143,0.000964724,0.01568895,2535.8,0.003904093
1970,SPRING,MACKEREL,98,10262,0,1,0,0.010204082,0,9.74E-05,2535.8,0
1970,SPRING,POLLOCK,98,10262,525,247,5.357142857,2.520408163,0.051159618,0.024069382,2535.8,0.207035255
1970,SPRING,SAND LANCE,98,10262,2.3,83,0.023469388,0.846938776,0.000224128,0.008088092,2535.8,0.000907012
1971,FALL,BUTTERFISH,126,13202,23.8,472,0.188888889,3.746031746,0.001802757,0.035752159,1981.1,0.012013528
1971,FALL,HAKE,126,13202,1302.6,4669,10.33809524,37.05555556,0.098666869,0.353658537,1981.1,0.657513503
1971,FALL,HERRING,126,13202,91.8,580,0.728571429,4.603174603,0.006953492,0.043932737,1981.1,0.046337893
1971,FALL,MACKEREL,126,13202,1,2,0.007936508,0.015873016,7.57E-05,0.000151492,1981.1,0.00050477
1971,FALL,POLLOCK,126,13202,561.9,115,4.45952381,0.912698413,0.042561733,0.008710801,1981.1,0.283630306
1971,SPRING,BUTTERFISH,115,12050.5,0,1,0,0.008695652,0,8.30E-05,1386.6,0
1971,SPRING,HAKE,115,12050.5,651.5,2116,5.665217391,18.4,0.054064147,0.175594374,1386.6,0.46985432
1971,SPRING,HERRING,115,12050.5,46.2,470,0.40173913,4.086956522,0.003833866,0.039002531,1386.6,0.03331891
1971,SPRING,MACKEREL,115,12050.5,0.5,2,0.004347826,0.017391304,4.15E-05,0.000165968,1386.6,0.000360594
1971,SPRING,POLLOCK,115,12050.5,681.5,251,5.926086957,2.182608696,0.05655367,0.020829011,1386.6,0.491489975
1971,SPRING,SAND LANCE,115,12050.5,6.9,191,0.06,1.660869565,0.00057259,0.015849965,1386.6,0.004976201
1972,FALL,BUTTERFISH,137,12858.43552,3.2,84,0.023357664,0.613138686,0.000248864,0.006532677,2611.5,0.001225349
1972,FALL,HAKE,137,12858.43552,1753.8,6466,12.80145985,47.19708029,0.136392954,0.502860553,2611.5,0.671568064
1972,FALL,HERRING,137,12858.43552,51.7,610,0.377372263,4.452554745,0.004020707,0.047439675,2611.5,0.019797052
1972,FALL,MACKEREL,137,12858.43552,11.4,49,0.083211679,0.357664234,0.000886578,0.003810728,2611.5,0.004365307
1972,FALL,POLLOCK,137,12858.43552,789.6,387,5.76350365,2.824817518,0.061407159,0.030096974,2611.5,0.302354968
1972,FALL,SAND LANCE,137,12858.43552,1.8,232,0.013138686,1.693430657,0.000139986,0.01804263,2611.5,0.000689259
1972,SPRING,HAKE,123,12890.85,1434.1,6913,11.65934959,56.20325203,0.111249452,0.536271852,2351.2,0.609943858
1972,SPRING,HERRING,123,12890.85,25,499,0.203252033,4.056910569,0.00193936,0.038709627,2351.2,0.010632868
1972,SPRING,MACKEREL,123,12890.85,1.9,9,0.015447154,0.073170732,0.000147391,0.00069817,2351.2,0.000808098
1972,SPRING,POLLOCK,123,12890.85,890.2,1090,7.237398374,8.861788618,0.069056734,0.0845561,2351.2,0.378615175
1972,SPRING,SAND LANCE,123,12890.85,0,7,0,0.056910569,0,0.000543021,2351.2,0
1973,FALL,BUTTERFISH,120,11262.86323,3.3,115,0.0275,0.958333333,0.000292998,0.010210548,2413.9,0.001367082
1973,FALL,HAKE,120,11262.86323,1771.4,4959,14.76166667,41.325,0.157277946,0.440296566,2413.9,0.733833216
1973,FALL,HERRING,120,11262.86323,19.4,147,0.161666667,1.225,0.001722475,0.013051743,2413.9,0.008036787
1973,FALL,MACKEREL,120,11262.86323,5.2,53,0.043333333,0.441666667,0.000461694,0.004705731,2413.9,0.00215419
1973,FALL,POLLOCK,120,11262.86323,614.6,231,5.121666667,1.925,0.054568717,0.020509882,2413.9,0.254608724
1973,FALL,SAND LANCE,120,11262.86323,0,5,0,0.041666667,0,0.000443937,2413.9,0
1973,SPRING,BUTTERFISH,114,10699.72007,0,1,0,0.00877193,0,9.35E-05,2809.5,0
1973,SPRING,HAKE,114,10699.72007,1913.4,9737,16.78421053,85.4122807,0.178827108,0.910023808,2809.5,0.68104645
1973,SPRING,HERRING,114,10699.72007,277.8,1813,2.436842105,15.90350877,0.025963296,0.169443685,2809.5,0.098878804
1973,SPRING,MACKEREL,114,10699.72007,15.9,57,0.139473684,0.5,0.00148602,0.005327242,2809.5,0.00565937
1973,SPRING,POLLOCK,114,10699.72007,601.9,439,5.279824561,3.850877193,0.056253808,0.041029111,2809.5,0.214237409
1973,SPRING,SAND LANCE,114,10699.72007,0.5,23,0.004385965,0.201754386,4.67E-05,0.002149589,2809.5,0.000177968
1974,FALL,BUTTERFISH,129,12107.57797,1,36,0.007751938,0.279069767,8.26E-05,0.002973344,1900.7,0.000526122
1974,FALL,HAKE,129,12107.57797,1298.5,4782,10.06589147,37.06976744,0.107246883,0.394959257,1900.7,0.683169359
1974,FALL,HERRING,129,12107.57797,22.4,139,0.173643411,1.07751938,0.001850081,0.011480413,1900.7,0.011785132
1974,FALL,MACKEREL,129,12107.57797,12.9,130,0.1,1.007751938,0.001065448,0.010737077,1900.7,0.006786973
1974,FALL,POLLOCK,129,12107.57797,565.9,174,4.386821705,1.348837209,0.046739323,0.014371165,1900.7,0.297732414
1974,FALL,SAND LANCE,129,12107.57797,0,9,0,0.069767442,0,0.000743336,1900.7,0
1974,SPRING,HAKE,108,10136.57691,1582.6,10936,14.6537037,101.2592593,0.156127657,1.078865193,2567.4,0.616421282
1974,SPRING,HERRING,108,10136.57691,89.8,745,0.831481481,6.898148148,0.008859006,0.073496211,2567.4,0.03497702
1974,SPRING,MACKEREL,108,10136.57691,0,5,0,0.046296296,0,0.000493263,2567.4,0
1974,SPRING,POLLOCK,108,10136.57691,895,307,8.287037037,2.842592593,0.088294106,0.030286358,2567.4,0.348601698
1974,SPRING,SAND LANCE,108,10136.57691,0,56,0,0.518518519,0,0.005524547,2567.4,0
1975,FALL,BUTTERFISH,136,12764.57833,1.4,31,0.010294118,0.227941176,0.000109679,0.002428596,2350,0.000595745
1975,FALL,HAKE,136,12764.57833,1697.6,9111,12.48235294,66.99264706,0.132993034,0.71377211,2350,0.722382979
1975,FALL,HERRING,136,12764.57833,116.6,550,0.857352941,4.044117647,0.009134653,0.043087988,2350,0.049617021
1975,FALL,MACKEREL,136,12764.57833,7.3,23,0.053676471,0.169117647,0.000571895,0.001801861,2350,0.003106383
1975,FALL,POLLOCK,136,12764.57833,386.9,217,2.844852941,1.595588235,0.030310441,0.01700017,2350,0.164638298
1975,FALL,SAND LANCE,136,12764.57833,140.2,13426,1.030882353,98.72058824,0.01098352,1.051816962,2350,0.059659574
1975,SPRING,BUTTERFISH,89,8353.290229,0,1,0,0.011235955,0,0.000119713,2573.5,0
1975,SPRING,HAKE,89,8353.290229,1944.5,24712,21.84831461,277.6629213,0.232782526,2.95835525,2573.5,0.755585778
1975,SPRING,HERRING,89,8353.290229,114.5,761,1.286516854,8.550561798,0.013707174,0.091101827,2573.5,0.044491937
1975,SPRING,MACKEREL,89,8353.290229,0,2,0,0.02247191,0,0.000239427,2573.5,0
1975,SPRING,POLLOCK,89,8353.290229,514.5,132,5.780898876,1.483146067,0.061592497,0.015802157,2573.5,0.199922285
1975,SPRING,SAND LANCE,89,8353.290229,0,6,0,0.06741573,0,0.00071828,2573.5,0
1976,FALL,BUTTERFISH,95,8916.43339,7.9,263,0.083157895,2.768421053,0.000886004,0.029496099,3265.3,0.00241938
1976,FALL,HAKE,95,8916.43339,1777.8,5169,18.71368421,54.41052632,0.199384656,0.579716101,3265.3,0.544452271
1976,FALL,HERRING,95,8916.43339,45.8,301,0.482105263,3.168421053,0.005136583,0.033757893,3265.3,0.014026276
1976,FALL,MACKEREL,95,8916.43339,7.6,18,0.08,0.189473684,0.000852359,0.002018744,3265.3,0.002327504
1976,FALL,POLLOCK,95,8916.43339,1426.2,313,15.01263158,3.294736842,0.159951848,0.035103722,3265.3,0.436774569
1976,FALL,SAND LANCE,95,8916.43339,0,5,0,0.052631579,0,0.000560762,3265.3,0
1976,SPRING,HAKE,142,13327.72149,3895.1,18621,27.43028169,131.1338028,0.292255507,1.39716305,4935.1,0.789264655
1976,SPRING,HERRING,142,13327.72149,125.8,1055,0.885915493,7.429577465,0.009438973,0.079158317,4935.1,0.025490872
1976,SPRING,MACKEREL,142,13327.72149,0.4,2,0.002816901,0.014084507,3.00E-05,0.000150063,4935.1,8.11E-05
1976,SPRING,POLLOCK,142,13327.72149,907.4,322,6.390140845,2.267605634,0.068083656,0.024160169,4935.1,0.183866588
1976,SPRING,SAND LANCE,142,13327.72149,6.4,442,0.045070423,3.112676056,0.000480202,0.033163958,4935.1,0.001296833
1977,FALL,BUTTERFISH,142,13327.72149,28.1,2345,0.197887324,16.51408451,0.002108387,0.175949055,4762.7,0.005900015
1977,FALL,HAKE,142,13327.72149,2786.8,6810,19.62535211,47.95774648,0.209098007,0.510965059,4762.7,0.585130283
1977,FALL,HERRING,142,13327.72149,43.3,225,0.304929577,1.584507042,0.003248867,0.016882105,4762.7,0.009091482
1977,FALL,MACKEREL,142,13327.72149,4,18,0.028169014,0.126760563,0.000300126,0.001350568,4762.7,0.00083986
1977,FALL,POLLOCK,142,13327.72149,1900,360,13.38028169,2.535211268,0.142560002,0.027011369,4762.7,0.398933378
1977,FALL,SAND LANCE,142,13327.72149,0.5,31,0.003521127,0.218309859,3.75E-05,0.002325979,4762.7,0.000104982
1977,SPRING,HAKE,112,10523.14849,1539.4,5273,13.74464286,47.08035714,0.146287017,0.501085774,2474,0.622231205
1977,SPRING,HERRING,112,10523.14849,75.6,484,0.675,4.321428571,0.007184162,0.045993839,2474,0.030557801
1977,SPRING,MACKEREL,112,10523.14849,1,1,0.008928571,0.008928571,9.50E-05,9.50E-05,2474,0.000404204
1977,SPRING,POLLOCK,112,10523.14849,386.2,150,3.448214286,1.339285714,0.036700043,0.014254289,2474,0.156103476
1977,SPRING,SAND LANCE,112,10523.14849,471.8,24442,4.2125,218.2321429,0.04483449,2.322688882,2474,0.190703314
1978,FALL,BUTTERFISH,198,18583.72433,78.4,7554,0.395959596,38.15151515,0.004218745,0.406484721,6542.6,0.011983004
1978,FALL,HAKE,198,18583.72433,4319.6,14926,21.81616162,75.38383838,0.232439952,0.803175926,6542.6,0.660226821
1978,FALL,HERRING,198,18583.72433,192.3,1138,0.971212121,5.747474747,0.010347764,0.06123638,6542.6,0.029391985
1978,FALL,MACKEREL,198,18583.72433,9.7,129,0.048989899,0.651515152,0.000521962,0.006941558,6542.6,0.001482591
1978,FALL,POLLOCK,198,18583.72433,1934.4,353,9.76969697,1.782828283,0.104091083,0.018995116,6542.6,0.295662275
1978,FALL,SAND LANCE,198,18583.72433,8.2,744,0.041414141,3.757575758,0.000441246,0.040035032,6542.6,0.001253324
1978,SPRING,HAKE,141,13233.8643,1533.1,6397,10.87304965,45.36879433,0.115846737,0.483381109,2777.6,0.551951325
1978,SPRING,HERRING,141,13233.8643,92.3,721,0.654609929,5.113475177,0.006974531,0.054481441,2777.6,0.033230127
1978,SPRING,MACKEREL,141,13233.8643,1.8,3,0.012765957,0.021276596,0.000136015,0.000226691,2777.6,0.000648041
1978,SPRING,POLLOCK,141,13233.8643,1143.7,400,8.111347518,2.836879433,0.086422225,0.030225488,2777.6,0.411758353
1978,SPRING,SAND LANCE,141,13233.8643,6.7,947,0.04751773,6.716312057,0.000506277,0.071558842,2777.6,0.002412154
1979,FALL,BUTTERFISH,212,19897.72504,64.6,785,0.304716981,3.702830189,0.003246602,0.039451746,4953.9,0.013040231
1979,FALL,HAKE,212,19897.72504,3577.8,12991,16.87641509,61.27830189,0.1798095,0.652888708,4953.9,0.722218858
1979,FALL,HERRING,212,19897.72504,79.5,388,0.375,1.830188679,0.003995432,0.019499717,4953.9,0.016047962
1979,FALL,MACKEREL,212,19897.72504,21.4,45,0.100943396,0.212264151,0.0010755,0.002261565,4953.9,0.004319829
1979,FALL,POLLOCK,212,19897.72504,1203.5,232,5.676886792,1.094339623,0.060484301,0.011659624,4953.9,0.242939906
1979,FALL,SAND LANCE,212,19897.72504,7.1,709,0.033490566,3.344339623,0.000356825,0.035632214,4953.9,0.001433214
1979,SPRING,HAKE,146,13703.15026,983.9,7417,6.739041096,50.80136986,0.071801008,0.5412624,2031.3,0.484369616
1979,SPRING,HERRING,146,13703.15026,185.2,5042,1.268493151,34.53424658,0.01351514,0.36794459,2031.3,0.09117314
1979,SPRING,MACKEREL,146,13703.15026,0.1,1,0.000684932,0.006849315,7.30E-06,7.30E-05,2031.3,4.92E-05
1979,SPRING,POLLOCK,146,13703.15026,835.2,383,5.720547945,2.623287671,0.060949489,0.027949777,2031.3,0.411165264
1979,SPRING,SAND LANCE,146,13703.15026,26.9,1349,0.184246575,9.239726027,0.001963052,0.098444516,2031.3,0.013242751
1980,FALL,BUTTERFISH,108,10136.57691,39,8287,0.361111111,76.73148148,0.003847453,0.817534368,3514,0.011098463
1980,FALL,HAKE,108,10136.57691,2510.2,7619,23.24259259,70.5462963,0.247637839,0.75163441,3514,0.714342629
1980,FALL,HERRING,108,10136.57691,142.7,984,1.321296296,9.111111111,0.014077731,0.097074191,3514,0.040608993
1980,FALL,MACKEREL,108,10136.57691,15.7,31,0.14537037,0.287037037,0.001548846,0.003058232,3514,0.004467843
1980,FALL,POLLOCK,108,10136.57691,740.7,134,6.858333333,1.240740741,0.073072005,0.013219453,3514,0.21078543
1980,FALL,SAND LANCE,108,10136.57691,65.7,7244,0.608333333,67.07407407,0.006481478,0.714639672,3514,0.018696642
1980,SPRING,BUTTERFISH,105,9855.005326,0,1,0,0.00952381,0,0.000101471,2661.1,0
1980,SPRING,HAKE,105,9855.005326,1828,7406,17.40952381,70.53333333,0.185489499,0.751496296,2661.1,0.686933975
1980,SPRING,HERRING,105,9855.005326,382.8,4891,3.645714286,46.58095238,0.038843206,0.496296028,2661.1,0.143850287
1980,SPRING,POLLOCK,105,9855.005326,420.8,144,4.007619048,1.371428571,0.042699114,0.014611864,2661.1,0.158130097
1980,SPRING,SAND LANCE,105,9855.005326,29.5,2687,0.280952381,25.59047619,0.002993403,0.272653328,2661.1,0.011085641
1981,FALL,BUTTERFISH,104,9854.43339,34.6,393,0.332692308,3.778846154,0.00351111,0.039880527,3107.7,0.011133636
1981,FALL,HAKE,104,9854.43339,1873.5,6162,18.01442308,59.25,0.190117476,0.625302314,3107.7,0.602857419
1981,FALL,HERRING,104,9854.43339,89,506,0.855769231,4.865384615,0.009031468,0.051347447,3107.7,0.028638543
1981,FALL,MACKEREL,104,9854.43339,30.5,45,0.293269231,0.432692308,0.003095054,0.004566473,3107.7,0.009814332
1981,FALL,POLLOCK,104,9854.43339,1045.9,678,10.05673077,6.519230769,0.106134971,0.06880152,3107.7,0.336551147
1981,FALL,SAND LANCE,104,9854.43339,34.2,4638,0.328846154,44.59615385,0.003470519,0.470651109,3107.7,0.011004923
1981,SPRING,BUTTERFISH,100,9385.719358,0.1,2,0.001,0.02,1.07E-05,0.00021309,3857.8,2.59E-05
1981,SPRING,HAKE,100,9385.719358,2797.3,10260,27.973,102.6,0.298037891,1.093150094,3857.8,0.72510239
1981,SPRING,HERRING,100,9385.719358,99.3,1112,0.993,11.12,0.010579903,0.118477866,3857.8,0.025740059
1981,SPRING,MACKEREL,100,9385.719358,3.7,5,0.037,0.05,0.000394216,0.000532724,3857.8,0.000959096
1981,SPRING,POLLOCK,100,9385.719358,609.5,366,6.095,3.66,0.064939082,0.038995413,3857.8,0.157991601
1981,SPRING,SAND LANCE,100,9385.719358,347.9,47937,3.479,479.37,0.037066951,5.107440162,3857.8,0.090180932
1982,FALL,BUTTERFISH,103,10745,76.7,880,0.744660194,8.54368932,0.007138204,0.081898557,2092.7,0.036651216
1982,FALL,HAKE,103,10745,1254.6,6958,12.18058252,67.55339806,0.116761284,0.647557003,2092.7,0.599512591
1982,FALL,HERRING,103,10745,97.8,564,0.949514563,5.475728155,0.009101908,0.05248953,2092.7,0.046733884
1982,FALL,MACKEREL,103,10745,27.4,58,0.266019417,0.563106796,0.002550023,0.005397859,2092.7,0.013093133
1982,FALL,POLLOCK,103,10745,413.8,209,4.017475728,2.029126214,0.038510935,0.019450907,2092.7,0.197734984
1982,FALL,SAND LANCE,103,10745,222.4,26506,2.159223301,257.3398058,0.020697999,2.466821778,2092.7,0.106274191
1982,SPRING,HAKE,92,9467.5,1000.5,2618,10.875,28.45652174,0.105677317,0.276524954,1736.9,0.576026254
1982,SPRING,HERRING,92,9467.5,40.8,426,0.443478261,4.630434783,0.00430948,0.044996039,1736.9,0.023490126
1982,SPRING,MACKEREL,92,9467.5,0.1,1,0.001086957,0.010869565,1.06E-05,0.000105625,1736.9,5.76E-05
1982,SPRING,POLLOCK,92,9467.5,687.8,408,7.476086957,4.434782609,0.072648534,0.043094798,1736.9,0.395992861
1982,SPRING,SAND LANCE,92,9467.5,7.7,595,0.083695652,6.467391304,0.000813309,0.06284658,1736.9,0.004433186
1983,FALL,BUTTERFISH,97,10122,370,4549,3.81443299,46.89690722,0.036554041,0.449417111,2836.8,0.130428652
1983,FALL,HAKE,97,10122,1961.8,8138,20.22474227,83.89690722,0.193815451,0.803991306,2836.8,0.691553864
1983,FALL,HERRING,97,10122,27.3,202,0.281443299,2.082474227,0.002697095,0.01995653,2836.8,0.009623519
1983,FALL,MACKEREL,97,10122,22.3,30,0.229896907,0.309278351,0.002203122,0.002963841,2836.8,0.00786097
1983,FALL,POLLOCK,97,10122,455.4,170,4.694845361,1.75257732,0.044991108,0.0167951,2836.8,0.160532995
1983,FALL,SAND LANCE,97,10122,0,3,0,0.030927835,0,0.000296384,2836.8,0
1983,SPRING,HAKE,106,11017.5,707.9,3534,6.678301887,33.33962264,0.064252326,0.320762423,966.7,0.732285094
1983,SPRING,HERRING,106,11017.5,30.6,337,0.288679245,3.179245283,0.0027774,0.030587701,966.7,0.031654081
1983,SPRING,MACKEREL,106,11017.5,1.8,10,0.016981132,0.094339623,0.000163376,0.000907647,966.7,0.001862005
1983,SPRING,POLLOCK,106,11017.5,191.1,177,1.802830189,1.669811321,0.017345133,0.016065351,966.7,0.197682839
1983,SPRING,SAND LANCE,106,11017.5,35.3,3614,0.333018868,34.09433962,0.003203994,0.328023599,966.7,0.036515982
1984,FALL,BUTTERFISH,104,10780,54.6,965,0.525,9.278846154,0.005064935,0.089517625,1627,0.033558697
1984,FALL,HAKE,104,10780,1350.5,3853,12.98557692,37.04807692,0.125278293,0.35742115,1627,0.830055317
1984,FALL,HERRING,104,10780,60,279,0.576923077,2.682692308,0.005565863,0.025881262,1627,0.036877689
1984,FALL,MACKEREL,104,10780,11.7,39,0.1125,0.375,0.001085343,0.003617811,1627,0.007191149
1984,FALL,POLLOCK,104,10780,149.4,61,1.436538462,0.586538462,0.013858998,0.005658627,1627,0.091825446
1984,FALL,SAND LANCE,104,10780,0.8,61,0.007692308,0.586538462,7.42E-05,0.005658627,1627,0.000491703
1984,SPRING,BUTTERFISH,100,10446.5,0.2,2,0.002,0.02,1.91E-05,0.000191452,928.2,0.000215471
1984,SPRING,HAKE,100,10446.5,601.1,1667,6.011,16.67,0.057540803,0.159574977,928.2,0.647597501
1984,SPRING,HERRING,100,10446.5,112.1,1988,1.121,19.88,0.010730867,0.190302972,928.2,0.120771385
1984,SPRING,POLLOCK,100,10446.5,211.2,135,2.112,1.35,0.020217298,0.012922989,928.2,0.227537169
1984,SPRING,SAND LANCE,100,10446.5,3.6,461,0.036,4.61,0.000344613,0.044129613,928.2,0.003878474
1985,FALL,BUTTERFISH,109,11147.5,47.8,799,0.43853211,7.330275229,0.004287957,0.071675264,2863.9,0.016690527
1985,FALL,HAKE,109,11147.5,2066.3,14686,18.95688073,134.733945,0.185359946,1.317425432,2863.9,0.721498656
1985,FALL,HERRING,109,11147.5,201.7,1155,1.850458716,10.59633028,0.018093743,0.103610675,2863.9,0.070428437
1985,FALL,MACKEREL,109,11147.5,279.1,890,2.560550459,8.165137615,0.025037004,0.079838529,2863.9,0.09745452
1985,FALL,POLLOCK,109,11147.5,242,172,2.220183486,1.577981651,0.021708903,0.015429468,2863.9,0.084500157
1985,FALL,SAND LANCE,109,11147.5,27,2976,0.247706422,27.30275229,0.002422068,0.266965687,2863.9,0.009427703
1985,SPRING,BUTTERFISH,98,9912,1,12,0.010204082,0.12244898,0.000100888,0.001210654,3722,0.000268673
1985,SPRING,HAKE,98,9912,800.9,4345,8.17244898,44.33673469,0.080801049,0.438357546,3722,0.215180011
1985,SPRING,HERRING,98,9912,437.5,3860,4.464285714,39.3877551,0.044138418,0.389426957,3722,0.117544331
1985,SPRING,MACKEREL,98,9912,2.1,26,0.021428571,0.265306122,0.000211864,0.002623083,3722,0.000564213
1985,SPRING,POLLOCK,98,9912,2475.8,1265,25.26326531,12.90816327,0.249778047,0.127623083,3722,0.665180011
1985,SPRING,SAND LANCE,98,9912,4.7,572,0.047959184,5.836734694,0.000474173,0.057707829,3722,0.001262762
1986,FALL,BUTTERFISH,100,10314.5,164.5,2233,1.645,22.33,0.015948422,0.216491347,2728,0.060300587
1986,FALL,HAKE,100,10314.5,2250.3,11342,22.503,113.42,0.218168598,1.099617044,2728,0.824890029
1986,FALL,HERRING,100,10314.5,69.3,409,0.693,4.09,0.006718697,0.039652916,2728,0.025403226
1986,FALL,MACKEREL,100,10314.5,24,56,0.24,0.56,0.002326821,0.00542925,2728,0.008797654
1986,FALL,POLLOCK,100,10314.5,219.7,116,2.197,1.16,0.021300111,0.011246304,2728,0.080535191
1986,FALL,SAND LANCE,100,10314.5,0.2,51,0.002,0.51,1.94E-05,0.004944496,2728,7.33E-05
1986,SPRING,HAKE,106,11068.75,1006.9,8267,9.499056604,77.99056604,0.090967815,0.74687747,2159.9,0.46617899
1986,SPRING,HERRING,106,11068.75,167.4,1343,1.579245283,12.66981132,0.015123659,0.12133258,2159.9,0.077503588
1986,SPRING,MACKEREL,106,11068.75,0.6,5,0.005660377,0.047169811,5.42E-05,0.000451722,2159.9,0.000277791
1986,SPRING,POLLOCK,106,11068.75,977.6,240,9.222641509,2.264150943,0.088320723,0.021682665,2159.9,0.452613547
1986,SPRING,SAND LANCE,106,11068.75,7.4,674,0.069811321,6.358490566,0.000668549,0.060892151,2159.9,0.003426085
1987,FALL,BUTTERFISH,91,9352.35,9.4,114,0.103296703,1.252747253,0.001005095,0.01218945,3009.8,0.003123131
1987,FALL,HAKE,91,9352.35,1582.9,5461,17.39450549,60.01098901,0.169251578,0.583917411,3009.8,0.525915343
1987,FALL,HERRING,91,9352.35,1097.7,10220,12.06263736,112.3076923,0.11737157,1.092773474,3009.8,0.364708619
1987,FALL,MACKEREL,91,9352.35,107.8,2857,1.184615385,31.3956044,0.011526515,0.305484718,3009.8,0.035816333
1987,FALL,POLLOCK,91,9352.35,205.6,72,2.259340659,0.791208791,0.021983779,0.0076986,3009.8,0.068310187
1987,FALL,SAND LANCE,91,9352.35,6.4,459,0.07032967,5.043956044,0.00068432,0.049078574,3009.8,0.002126387
1987,SPRING,HAKE,95,9912,936.9,4260,9.862105263,44.84210526,0.094521792,0.429782082,2662.1,0.351940198
1987,SPRING,HERRING,95,9912,134.8,1523,1.418947368,16.03157895,0.013599677,0.153652139,2662.1,0.050636715
1987,SPRING,POLLOCK,95,9912,1584.2,873,16.67578947,9.189473684,0.159826473,0.088075061,2662.1,0.595094099
1987,SPRING,SAND LANCE,95,9912,6.2,605,0.065263158,6.368421053,0.000625504,0.061037127,2662.1,0.002328988
1988,FALL,BUTTERFISH,93,9663.5,2.2,75,0.023655914,0.806451613,0.000227661,0.007761163,3519.4,0.000625107
1988,FALL,HAKE,93,9663.5,1607,7988,17.27956989,85.89247312,0.166295856,0.826615615,3519.4,0.456611922
1988,FALL,HERRING,93,9663.5,904.5,5075,9.725806452,54.56989247,0.093599627,0.525172039,3519.4,0.257004035
1988,FALL,MACKEREL,93,9663.5,16.6,70,0.178494624,0.752688172,0.001717804,0.007243752,3519.4,0.004716713
1988,FALL,POLLOCK,93,9663.5,988.6,260,10.63010753,2.795698925,0.102302478,0.026905366,3519.4,0.280900153
1988,FALL,SAND LANCE,93,9663.5,0.5,63,0.005376344,0.677419355,5.17E-05,0.006519377,3519.4,0.00014207
1988,SPRING,HAKE,91,9513,503.7,1548,5.535164835,17.01098901,0.052948597,0.162724693,1214.8,0.414636154
1988,SPRING,HERRING,91,9513,303.8,3291,3.338461538,36.16483516,0.031935247,0.345947651,1214.8,0.250082318
1988,SPRING,POLLOCK,91,9513,312.6,154,3.435164835,1.692307692,0.032860296,0.016188374,1214.8,0.257326309
1988,SPRING,SAND LANCE,91,9513,94.7,8228,1.040659341,90.41758242,0.009954799,0.864921686,1214.8,0.077955219
1989,FALL,BUTTERFISH,88,9133.25,78.6,1800,0.893181818,20.45454545,0.008605918,0.19708209,3445.6,0.022811702
1989,FALL,HAKE,88,9133.25,1938.4,10389,22.02727273,118.0568182,0.212235513,1.13749213,3445.6,0.562572556
1989,FALL,HERRING,88,9133.25,1249.4,7043,14.19772727,80.03409091,0.136796869,0.771138423,3445.6,0.362607383
1989,FALL,MACKEREL,88,9133.25,4.8,12,0.054545455,0.136363636,0.000525552,0.001313881,3445.6,0.001393081
1989,FALL,POLLOCK,88,9133.25,171.1,301,1.944318182,3.420454545,0.018733748,0.032956505,3445.6,0.049657534
1989,FALL,SAND LANCE,88,9133.25,3.3,416,0.0375,4.727272727,0.000361317,0.045547861,3445.6,0.000957743
1989,SPRING,HAKE,76,7908.25,542,8386,7.131578947,110.3421053,0.068536023,1.060411595,1133.8,0.478038455
1989,SPRING,HERRING,76,7908.25,448.8,2854,5.905263158,37.55263158,0.056750861,0.360888945,1133.8,0.395837008
1989,SPRING,POLLOCK,76,7908.25,139.7,75,1.838157895,0.986842105,0.017665097,0.009483767,1133.8,0.123213971
1989,SPRING,SAND LANCE,76,7908.25,3.3,446,0.043421053,5.868421053,0.000417286,0.056396801,1133.8,0.002910566
1990,FALL,BUTTERFISH,94,9780.75,34.3,1086,0.364893617,11.55319149,0.003506889,0.11103443,3218.2,0.010658132
1990,FALL,HAKE,94,9780.75,2323.2,11556,24.71489362,122.9361702,0.237527797,1.181504486,3218.2,0.721894227
1990,FALL,HERRING,94,9780.75,543.8,4077,5.785106383,43.37234043,0.055599008,0.416839199,3218.2,0.168976446
1990,FALL,MACKEREL,94,9780.75,4.9,29,0.05212766,0.308510638,0.000500984,0.002965008,3218.2,0.00152259
1990,FALL,POLLOCK,94,9780.75,306.3,136,3.258510638,1.446808511,0.031316617,0.013904864,3218.2,0.095177428
1990,FALL,SAND LANCE,94,9780.75,5.7,831,0.060638298,8.840425532,0.000582777,0.08496281,3218.2,0.001771176
1990,SPRING,HAKE,90,9385.25,1316.4,3224,14.62666667,35.82222222,0.140262646,0.343517754,1815.6,0.72504957
1990,SPRING,HERRING,90,9385.25,296.8,4297,3.297777778,47.74444444,0.031624091,0.457846088,1815.6,0.16347213
1990,SPRING,POLLOCK,90,9385.25,183.6,120,2.04,1.333333333,0.019562612,0.012786021,1815.6,0.101123596
1990,SPRING,SAND LANCE,90,9385.25,18.8,2104,0.208888889,23.37777778,0.002003143,0.224181561,1815.6,0.010354704
1991,FALL,BUTTERFISH,95,9881.2,22.4,540,0.235789474,5.684210526,0.002266931,0.054649233,3084.8,0.007261411
1991,FALL,HAKE,95,9881.2,2078.7,11029,21.88105263,116.0947368,0.210369186,1.116159981,3084.8,0.673852438
1991,FALL,HERRING,95,9881.2,806.4,5302,8.488421053,55.81052632,0.081609521,0.536574505,3084.8,0.261410788
1991,FALL,MACKEREL,95,9881.2,74.4,612,0.783157895,6.442105263,0.00752945,0.061935797,3084.8,0.024118257
1991,FALL,POLLOCK,95,9881.2,102.9,124,1.083157895,1.305263158,0.010413715,0.012549083,3084.8,0.033357106
1991,FALL,SAND LANCE,95,9881.2,0,4,0,0.042105263,0,0.000404809,3084.8,0
1991,SPRING,BUTTERFISH,90,9450,0,1,0,0.011111111,0,0.00010582,1081.9,0
1991,SPRING,HAKE,90,9450,654.3,4451,7.27,49.45555556,0.069238095,0.471005291,1081.9,0.604769387
1991,SPRING,HERRING,90,9450,113.3,3133,1.258888889,34.81111111,0.011989418,0.331534392,1081.9,0.104723172
1991,SPRING,MACKEREL,90,9450,2.3,29,0.025555556,0.322222222,0.000243386,0.003068783,1081.9,0.00212589
1991,SPRING,POLLOCK,90,9450,311.4,163,3.46,1.811111111,0.032952381,0.017248677,1081.9,0.287826971
1991,SPRING,SAND LANCE,90,9450,0.6,65,0.006666667,0.722222222,6.35E-05,0.006878307,1081.9,0.00055458
1992,FALL,BUTTERFISH,91,9488.5,19.9,1104,0.218681319,12.13186813,0.002097276,0.116351373,3785.2,0.005257318
1992,FALL,HAKE,91,9488.5,1993.8,11678,21.90989011,128.3296703,0.21012805,1.230753017,3785.2,0.526735707
1992,FALL,HERRING,91,9488.5,1506.3,9760,16.55274725,107.2527473,0.158750066,1.028613585,3785.2,0.397944626
1992,FALL,MACKEREL,91,9488.5,95.7,339,1.051648352,3.725274725,0.010085893,0.03572746,3785.2,0.02528268
1992,FALL,POLLOCK,91,9488.5,169.5,139,1.862637363,1.527472527,0.01786373,0.014649312,3785.2,0.044779668
1992,FALL,SAND LANCE,91,9488.5,0,3,0,0.032967033,0,0.000316172,3785.2,0
1992,SPRING,BUTTERFISH,78,8081.5,0.5,11,0.006410256,0.141025641,6.19E-05,0.001361133,1369.8,0.000365017
1992,SPRING,HAKE,78,8081.5,1072.8,12345,13.75384615,158.2692308,0.132747633,1.527562952,1369.8,0.783180026
1992,SPRING,HERRING,78,8081.5,139.2,2184,1.784615385,28,0.017224525,0.27024686,1369.8,0.101620675
1992,SPRING,MACKEREL,78,8081.5,0.2,2,0.002564103,0.025641026,2.47E-05,0.000247479,1369.8,0.000146007
1992,SPRING,POLLOCK,78,8081.5,146.3,189,1.875641026,2.423076923,0.018103075,0.023386748,1369.8,0.106803913
1992,SPRING,SAND LANCE,78,8081.5,10.8,640,0.138461538,8.205128205,0.001336386,0.079193219,1369.8,0.007884363
1993,FALL,BUTTERFISH,97,10153.5,49.1,1246,0.506185567,12.84536082,0.004835771,0.122716305,3259.4,0.015064122
1993,FALL,HAKE,97,10153.5,1895.1,13438,19.5371134,138.5360825,0.186644999,1.323484513,3259.4,0.581426029
1993,FALL,HERRING,97,10153.5,1210.7,7898,12.4814433,81.42268041,0.119239671,0.777859851,3259.4,0.371448733
1993,FALL,MACKEREL,97,10153.5,9.7,51,0.1,0.525773196,0.000955336,0.005022899,3259.4,0.002976008
1993,FALL,POLLOCK,97,10153.5,90.1,161,0.928865979,1.659793814,0.008873787,0.015856601,3259.4,0.027643125
1993,FALL,SAND LANCE,97,10153.5,4.7,467,0.048453608,4.81443299,0.000462895,0.045993992,3259.4,0.001441983
1993,SPRING,BUTTERFISH,93,9667,0.1,2,0.001075269,0.021505376,1.03E-05,0.000206889,1141.4,8.76E-05
1993,SPRING,HAKE,93,9667,835,6317,8.978494624,67.92473118,0.086376332,0.653460226,1141.4,0.731557736
1993,SPRING,HERRING,93,9667,177.2,2166,1.905376344,23.29032258,0.018330402,0.224061239,1141.4,0.155247941
1993,SPRING,MACKEREL,93,9667,9.9,16,0.106451613,0.172043011,0.001024103,0.001655115,1141.4,0.008673559
1993,SPRING,POLLOCK,93,9667,119.2,187,1.28172043,2.010752688,0.012330609,0.019344161,1141.4,0.104433152
1993,SPRING,SAND LANCE,93,9667,0,7,0,0.075268817,0,0.000724113,1141.4,0
1994,FALL,BUTTERFISH,97,10083.5,455.8,13635,4.698969072,140.5670103,0.045202559,1.352209054,2732,0.166837482
1994,FALL,HAKE,97,10083.5,1640.3,11541,16.91030928,118.9793814,0.162671691,1.144543065,2732,0.600402635
1994,FALL,HERRING,97,10083.5,499.5,3708,5.149484536,38.22680412,0.049536371,0.367729459,2732,0.182833089
1994,FALL,MACKEREL,97,10083.5,95.3,417,0.982474227,4.298969072,0.009451083,0.041354688,2732,0.03488287
1994,FALL,POLLOCK,97,10083.5,41.1,36,0.42371134,0.371134021,0.004075966,0.003570189,2732,0.015043924
1994,FALL,SAND LANCE,97,10083.5,0,1,0,0.010309278,0,9.92E-05,2732,0
1994,SPRING,BUTTERFISH,93,9704.1,0.1,4,0.001075269,0.043010753,1.03E-05,0.000412197,944.5,0.000105876
1994,SPRING,HAKE,93,9704.1,730.2,6286,7.851612903,67.59139785,0.075246545,0.647767439,944.5,0.773107464
1994,SPRING,HERRING,93,9704.1,118.3,2406,1.272043011,25.87096774,0.012190724,0.247936439,944.5,0.125251456
1994,SPRING,MACKEREL,93,9704.1,6.8,14,0.07311828,0.150537634,0.000700735,0.001442689,944.5,0.007199576
1994,SPRING,POLLOCK,93,9704.1,85.1,52,0.915053763,0.559139785,0.008769489,0.00535856,944.5,0.090100582
1994,SPRING,SAND LANCE,93,9704.1,4,254,0.043010753,2.731182796,0.000412197,0.026174504,944.5,0.004235045
1995,FALL,BUTTERFISH,95,9957.5,168.1,4388,1.769473684,46.18947368,0.016881747,0.44067286,4508.7,0.037283474
1995,FALL,HAKE,95,9957.5,1858.2,13847,19.56,145.7578947,0.186613106,1.390610093,4508.7,0.412136536
1995,FALL,HERRING,95,9957.5,2361,26803,24.85263158,282.1368421,0.237107708,2.691739895,4508.7,0.523654268
1995,FALL,MACKEREL,95,9957.5,26.7,236,0.281052632,2.484210526,0.002681396,0.023700728,4508.7,0.005921884
1995,FALL,POLLOCK,95,9957.5,94.7,68,0.996842105,0.715789474,0.009510419,0.006829023,4508.7,0.021003837
1995,FALL,SAND LANCE,95,9957.5,0,6,0,0.063157895,0,0.000602561,4508.7,0
1995,SPRING,BUTTERFISH,99,10332,0.1,5,0.001010101,0.050505051,9.68E-06,0.000483933,1148.4,8.71E-05
1995,SPRING,HAKE,99,10332,648.2,8858,6.547474747,89.47474747,0.062737127,0.857336431,1148.4,0.564437478
1995,SPRING,HERRING,99,10332,357.7,5551,3.613131313,56.07070707,0.034620596,0.537262873,1148.4,0.311476837
1995,SPRING,MACKEREL,99,10332,13.1,155,0.132323232,1.565656566,0.001267906,0.015001936,1148.4,0.011407175
1995,SPRING,POLLOCK,99,10332,118,53,1.191919192,0.535353535,0.011420828,0.005129694,1148.4,0.102751654
1995,SPRING,SAND LANCE,99,10332,11.3,1116,0.114141414,11.27272727,0.00109369,0.108013937,1148.4,0.009839777
1996,FALL,BUTTERFISH,96,9996,26.7,664,0.278125,6.916666667,0.002671068,0.066426571,2768.4,0.00964456
1996,FALL,HAKE,96,9996,1805.7,11594,18.809375,120.7708333,0.180642257,1.159863946,2768.4,0.65225401
1996,FALL,HERRING,96,9996,835.9,6339,8.707291667,66.03125,0.083623449,0.634153661,2768.4,0.301943361
1996,FALL,MACKEREL,96,9996,2.2,13,0.022916667,0.135416667,0.000220088,0.00130052,2768.4,0.000794683
1996,FALL,POLLOCK,96,9996,87.1,140,0.907291667,1.458333333,0.008713485,0.014005602,2768.4,0.031462216
1996,FALL,SAND LANCE,96,9996,10.8,1650,0.1125,17.1875,0.001080432,0.165066026,2768.4,0.00390117
1996,SPRING,BUTTERFISH,82,8515.323786,0.6,14,0.007317073,0.170731707,7.05E-05,0.001644095,800.7,0.000749344
1996,SPRING,HAKE,82,8515.323786,562.9,3223,6.864634146,39.30487805,0.066104357,0.378494122,800.7,0.703009866
1996,SPRING,HERRING,82,8515.323786,103.2,2209,1.258536585,26.93902439,0.012119328,0.259414681,800.7,0.128887224
1996,SPRING,MACKEREL,82,8515.323786,64.4,362,0.785365854,4.414634146,0.007562836,0.042511595,800.7,0.080429624
1996,SPRING,POLLOCK,82,8515.323786,63.5,45,0.774390244,0.548780488,0.007457145,0.005284591,800.7,0.079305608
1996,SPRING,SAND LANCE,82,8515.323786,6.1,474,0.074390244,5.780487805,0.000716356,0.055664354,800.7,0.007618334
1997,FALL,BUTTERFISH,103,11669.42,819.4,62233,7.955339806,604.2038835,0.070217714,5.332998555,3338.2,0.245461626
1997,FALL,HAKE,103,11669.42,1227,8814,11.91262136,85.57281553,0.105146614,0.755307462,3338.2,0.367563357
1997,FALL,HERRING,103,11669.42,961.8,7369,9.337864078,71.54368932,0.082420549,0.631479542,3338.2,0.288119346
1997,FALL,MACKEREL,103,11669.42,151.6,2165,1.47184466,21.01941748,0.01299122,0.185527644,3338.2,0.045413696
1997,FALL,POLLOCK,103,11669.42,176,256,1.708737864,2.485436893,0.015082155,0.02193768,3338.2,0.052723024
1997,FALL,SAND LANCE,103,11669.42,2.4,125,0.023300971,1.213592233,0.000205666,0.010711758,3338.2,0.00071895
1997,SPRING,BUTTERFISH,97,10978.2,0.2,7,0.002061856,0.072164948,1.82E-05,0.000637627,1101.1,0.000181637
1997,SPRING,HAKE,97,10978.2,301,2021,3.103092784,20.83505155,0.027417974,0.18409211,1101.1,0.273363001
1997,SPRING,HERRING,97,10978.2,369.3,12344,3.807216495,127.257732,0.033639394,1.124410195,1101.1,0.335391881
1997,SPRING,MACKEREL,97,10978.2,49.5,182,0.510309278,1.87628866,0.004508936,0.01657831,1101.1,0.044955045
1997,SPRING,POLLOCK,97,10978.2,379.5,379,3.912371134,3.907216495,0.034568508,0.034522964,1101.1,0.344655345
1997,SPRING,SAND LANCE,97,10978.2,1.6,160,0.016494845,1.649484536,0.000145743,0.014574338,1101.1,0.001453092
1998,FALL,BUTTERFISH,115,12962.94,639.6,8286,5.56173913,72.05217391,0.049340659,0.639206847,3940.4,0.162318546
1998,FALL,HAKE,115,12962.94,2267.7,25468,19.71913043,221.4608696,0.174937167,1.964677766,3940.4,0.575499949
1998,FALL,HERRING,115,12962.94,778.3,6610,6.767826087,57.47826087,0.060040392,0.509915189,3940.4,0.197518018
1998,FALL,MACKEREL,115,12962.94,111.3,892,0.967826087,7.756521739,0.008586015,0.06881155,3940.4,0.028245863
1998,FALL,POLLOCK,115,12962.94,143.4,362,1.246956522,3.147826087,0.011062305,0.027925764,3940.4,0.036392244
1998,FALL,SAND LANCE,115,12962.94,0.1,8,0.000869565,0.069565217,7.71E-06,0.000617144,3940.4,2.54E-05
1998,SPRING,BUTTERFISH,125,14081.66,0.2,5,0.0016,0.04,1.42E-05,0.000355072,1366.6,0.000146349
1998,SPRING,HAKE,125,14081.66,757.6,18610,6.0608,148.88,0.053800475,1.321577144,1366.6,0.554368506
1998,SPRING,HERRING,125,14081.66,310.3,6467,2.4824,51.736,0.022035754,0.459249833,1366.6,0.227059857
1998,SPRING,MACKEREL,125,14081.66,27.6,262,0.2208,2.096,0.001959996,0.018605761,1366.6,0.020196107
1998,SPRING,POLLOCK,125,14081.66,237.1,423,1.8968,3.384,0.016837504,0.030039072,1366.6,0.173496268
1998,SPRING,SAND LANCE,125,14081.66,33.8,2685,0.2704,21.48,0.002400285,0.190673543,1366.6,0.024732914
1999,FALL,BUTTERFISH,116,13117.6,45.5,1926,0.392241379,16.60344828,0.003468622,0.146825639,2977.5,0.015281276
1999,FALL,HAKE,116,13117.6,1977.5,21689,17.04741379,186.9741379,0.150751662,1.653427456,2977.5,0.664147775
1999,FALL,HERRING,116,13117.6,460.6,3478,3.970689655,29.98275862,0.03511313,0.265139965,2977.5,0.154693535
1999,FALL,MACKEREL,116,13117.6,127.9,769,1.102586207,6.629310345,0.009750259,0.058623529,2977.5,0.0429555
1999,FALL,POLLOCK,116,13117.6,365.9,425,3.154310345,3.663793103,0.027893822,0.032399219,2977.5,0.122888329
1999,FALL,SAND LANCE,116,13117.6,0.1,30,0.000862069,0.25862069,7.62E-06,0.002287004,2977.5,3.36E-05
1999,SPRING,BUTTERFISH,92,10434.8,0.2,2,0.002173913,0.02173913,1.92E-05,0.000191666,1146.1,0.000174505
1999,SPRING,HAKE,92,10434.8,669.8,6856,7.280434783,74.52173913,0.06418906,0.657032238,1146.1,0.584416718
1999,SPRING,HERRING,92,10434.8,218.3,3325,2.372826087,36.14130435,0.020920382,0.318645302,1146.1,0.190472036
1999,SPRING,MACKEREL,92,10434.8,86.2,1072,0.936956522,11.65217391,0.00826082,0.102733162,1146.1,0.075211587
1999,SPRING,POLLOCK,92,10434.8,120.9,605,1.314130435,6.576086957,0.011586231,0.05797907,1146.1,0.105488177
1999,SPRING,SAND LANCE,92,10434.8,50.7,3987,0.551086957,43.33695652,0.004858742,0.382086863,1146.1,0.044236978
2000,FALL,BUTTERFISH,95,10689.4,88.4,2034,0.930526316,21.41052632,0.008269875,0.190281962,3336.4,0.026495624
2000,FALL,HAKE,95,10689.4,2281.2,16619,24.01263158,174.9368421,0.213407675,1.554717758,3336.4,0.683730968
2000,FALL,HERRING,95,10689.4,808.6,5414,8.511578947,56.98947368,0.075645032,0.506483058,3336.4,0.242357032
2000,FALL,MACKEREL,95,10689.4,21.8,221,0.229473684,2.326315789,0.002039404,0.020674687,3336.4,0.006533989
2000,FALL,POLLOCK,95,10689.4,131,278,1.378947368,2.926315789,0.012255131,0.026007072,3336.4,0.039263877
2000,FALL,SAND LANCE,95,10689.4,5.4,579,0.056842105,6.094736842,0.000505173,0.054165809,3336.4,0.001618511
2000,SPRING,BUTTERFISH,98,11122.6,0.3,11,0.003061224,0.112244898,2.70E-05,0.000988977,2316.1,0.000129528
2000,SPRING,HAKE,98,11122.6,1189.7,17263,12.13979592,176.1530612,0.106962401,1.552065165,2316.1,0.513665213
2000,SPRING,HERRING,98,11122.6,471.8,7321,4.814285714,74.70408163,0.04241814,0.658209411,2316.1,0.203704503
2000,SPRING,MACKEREL,98,11122.6,539.5,8209,5.505102041,83.76530612,0.048504846,0.73804686,2316.1,0.232934675
2000,SPRING,POLLOCK,98,11122.6,111.4,251,1.136734694,2.56122449,0.010015644,0.022566666,2316.1,0.048098096
2000,SPRING,SAND LANCE,98,11122.6,3.4,462,0.034693878,4.714285714,0.000305684,0.041537051,2316.1,0.001467985
2001,FALL,BUTTERFISH,99,11145.4,280.541,5611,2.833747475,56.67676768,0.025171012,0.503436395,3240.955,0.086561214
2001,FALL,HAKE,99,11145.4,1767.751,11954,17.85607071,120.7474747,0.158608125,1.07255011,3240.955,0.54544139
2001,FALL,HERRING,99,11145.4,637.554,4709,6.439939394,47.56565657,0.057203331,0.422506146,3240.955,0.196717943
2001,FALL,MACKEREL,99,11145.4,177.063,948,1.788515152,9.575757576,0.015886644,0.085057513,3240.955,0.054632971
2001,FALL,POLLOCK,99,11145.4,365.746,272,3.69440404,2.747474747,0.03281587,0.024404687,3240.955,0.112851305
2001,FALL,SAND LANCE,99,11145.4,12.3,1795,0.124242424,18.13131313,0.001103594,0.16105299,3240.955,0.003795178
2001,SPRING,BUTTERFISH,97,11017.53,0.247,2,0.002546392,0.020618557,2.24E-05,0.000181529,3275.108,7.54E-05
2001,SPRING,HAKE,97,11017.53,1459.882,15490,15.0503299,159.6907216,0.13250538,1.405941259,3275.108,0.445750797
2001,SPRING,HERRING,97,11017.53,435.968,5795,4.494515464,59.74226804,0.039570394,0.525979961,3275.108,0.13311561
2001,SPRING,MACKEREL,97,11017.53,1126.634,8962,11.61478351,92.39175258,0.10225831,0.81343096,3275.108,0.343999038
2001,SPRING,POLLOCK,97,11017.53,241.982,191,2.494659794,1.969072165,0.021963362,0.017336009,3275.108,0.073885197
2001,SPRING,SAND LANCE,97,11017.53,10.395,686,0.107164948,7.072164948,0.000943496,0.06226441,3275.108,0.003173941
2002,FALL,BUTTERFISH,94,10427.314,389.655,17150,4.145265957,182.4468085,0.037368684,1.64471886,4862.547,0.08013393
2002,FALL,HAKE,94,10427.314,1607.177,11879,17.09762766,126.3723404,0.154131447,1.139219554,4862.547,0.330521638
2002,FALL,HERRING,94,10427.314,2635.863,19154,28.04109574,203.7659574,0.252784466,1.836906417,4862.547,0.542074555
2002,FALL,MACKEREL,94,10427.314,64.993,461,0.691414894,4.904255319,0.006232957,0.04421081,4862.547,0.01336604
2002,FALL,POLLOCK,94,10427.314,164.832,119,1.753531915,1.265957447,0.015807714,0.011412335,4862.547,0.033898284
2002,FALL,SAND LANCE,94,10427.314,0.027,5,0.000287234,0.053191489,2.59E-06,0.00047951,4862.547,5.55E-06
2002,SPRING,BUTTERFISH,107,12068.344,0.236,5,0.002205607,0.046728972,1.96E-05,0.000414307,1875.052,0.000125863
2002,SPRING,HAKE,107,12068.344,1214.273,7467,11.34834579,69.78504673,0.100616373,0.618726148,1875.052,0.647594307
2002,SPRING,HERRING,107,12068.344,351.741,6238,3.287299065,58.29906542,0.029145755,0.516889475,1875.052,0.187589998
2002,SPRING,MACKEREL,107,12068.344,3.694,27,0.034523364,0.252336449,0.00030609,0.002237258,1875.052,0.001970079
2002,SPRING,POLLOCK,107,12068.344,284.221,1168,2.656271028,10.91588785,0.023550953,0.096782127,1875.052,0.15158033
2002,SPRING,SAND LANCE,107,12068.344,20.887,1294,0.195205607,12.09345794,0.001730726,0.107222665,1875.052,0.011139424
2003,FALL,BUTTERFISH,94,10558.984,108.378,3699,1.152957447,39.35106383,0.010264056,0.350317796,3997.164,0.027113724
2003,FALL,HAKE,94,10558.984,1489.878,12650,15.84976596,134.5744681,0.141100507,1.198031932,3997.164,0.372733768
2003,FALL,HERRING,94,10558.984,1261.485,8738,13.42005319,92.95744681,0.119470301,0.827541741,3997.164,0.315595007
2003,FALL,MACKEREL,94,10558.984,540.328,5748,5.748170213,61.14893617,0.051172348,0.544370557,3997.164,0.135177841
2003,FALL,POLLOCK,94,10558.984,596.851,594,6.349478723,6.319148936,0.056525419,0.056255412,3997.164,0.149318617
2003,FALL,SAND LANCE,94,10558.984,0.244,24,0.002595745,0.255319149,2.31E-05,0.002272946,3997.164,6.10E-05
2003,SPRING,BUTTERFISH,91,10245.332,0.082,3,0.000901099,0.032967033,8.00E-06,0.000292816,1097.183,7.47E-05
2003,SPRING,HAKE,91,10245.332,684.158,10033,7.51821978,110.2527473,0.066777533,0.979275245,1097.183,0.623558695
2003,SPRING,HERRING,91,10245.332,315.705,5639,3.469285714,61.96703297,0.030814521,0.550397,1097.183,0.287741425
2003,SPRING,MACKEREL,91,10245.332,0.07,1,0.000769231,0.010989011,6.83E-06,9.76E-05,1097.183,6.38E-05
2003,SPRING,POLLOCK,91,10245.332,89.255,140,0.980824176,1.538461538,0.008711772,0.01366476,1097.183,0.081349237
2003,SPRING,SAND LANCE,91,10245.332,7.913,483,0.086956044,5.307692308,0.000772352,0.047143421,1097.183,0.007212106
2004,FALL,BUTTERFISH,88,10013,86.592,6408,0.984,72.81818182,0.008647958,0.639968042,1939.127,0.044655146
2004,FALL,HAKE,88,10013,731.831,5072,8.316261364,57.63636364,0.073088085,0.506541496,1939.127,0.377402305
2004,FALL,HERRING,88,10013,920.077,8009,10.45542045,91.01136364,0.091888245,0.799860182,1939.127,0.474480011
2004,FALL,MACKEREL,88,10013,7.452,55,0.084681818,0.625,0.000744232,0.005492859,1939.127,0.003842966
2004,FALL,POLLOCK,88,10013,193.114,182,2.194477273,2.068181818,0.019286328,0.018176371,1939.127,0.099588114
2004,FALL,SAND LANCE,88,10013,0.061,4,0.000693182,0.045454545,6.09E-06,0.000399481,1939.127,3.15E-05
2004,SPRING,HAKE,98,11015.44,682.652,5624,6.965836735,57.3877551,0.061972286,0.510556092,1032.888,0.660915801
2004,SPRING,HERRING,98,11015.44,268.759,8659,2.742438776,88.35714286,0.02439839,0.78607845,1032.888,0.260201493
2004,SPRING,POLLOCK,98,11015.44,69.107,73,0.705173469,0.744897959,0.006273649,0.006627062,1032.888,0.066906577
2004,SPRING,SAND LANCE,98,11015.44,12.37,1355,0.12622449,13.82653061,0.001122969,0.123009158,1032.888,0.011976129
2005,FALL,BUTTERFISH,90,10179.022,7.439,292,0.082655556,3.244444444,0.000730817,0.028686449,3123.241,0.002381821
2005,FALL,HAKE,90,10179.022,530.028,3353,5.8892,37.25555556,0.052070621,0.329402962,3123.241,0.169704483
2005,FALL,HERRING,90,10179.022,1434.907,13702,15.94341111,152.2444444,0.140967079,1.346101816,3123.241,0.459428843
2005,FALL,MACKEREL,90,10179.022,163.938,1517,1.821533333,16.85555556,0.016105477,0.149031999,3123.241,0.052489705
2005,FALL,POLLOCK,90,10179.022,981.98,633,10.91088889,7.033333333,0.096470958,0.062186721,3123.241,0.314410575
2005,FALL,SAND LANCE,90,10179.022,4.949,1058,0.054988889,11.75555556,0.000486196,0.103939259,3123.241,0.001584572
2005,SPRING,HAKE,95,10796.864,586.461,2008,6.173273684,21.13684211,0.054317717,0.185979929,1259.448,0.465649237
2005,SPRING,HERRING,95,10796.864,86.261,3010,0.908010526,31.68421053,0.00798945,0.278784655,1259.448,0.068491117
2005,SPRING,POLLOCK,95,10796.864,556.952,241,5.862652632,2.536842105,0.051584608,0.022321296,1259.448,0.442219131
2005,SPRING,SAND LANCE,95,10796.864,29.774,2072,0.313410526,21.81052632,0.002757653,0.191907576,1259.448,0.023640516
2006,FALL,BUTTERFISH,104,11620.932,522.011,15998,5.019336538,153.8269231,0.044919891,1.376653783,3397.221,0.15365824
2006,FALL,HAKE,104,11620.932,925.913,10781,8.903009615,103.6634615,0.079676312,0.927722492,3397.221,0.272550123
2006,FALL,HERRING,104,11620.932,1604.15,16197,15.42451923,155.7403846,0.138039703,1.393778055,3397.221,0.472194773
2006,FALL,MACKEREL,104,11620.932,32.899,436,0.316336538,4.192307692,0.002831012,0.037518505,3397.221,0.009684092
2006,FALL,POLLOCK,104,11620.932,305.215,385,2.934759615,3.701923077,0.026264245,0.033129873,3397.221,0.089842551
2006,FALL,SAND LANCE,104,11620.932,7.033,1015,0.067625,9.759615385,0.000605201,0.087342392,3397.221,0.002070222
2006,SPRING,BUTTERFISH,106,12044.442,0.012,1,0.000113208,0.009433962,9.96E-07,8.30E-05,1067.54,1.12E-05
2006,SPRING,HAKE,106,12044.442,232.591,2132,2.194254717,20.11320755,0.019311065,0.177011106,1067.54,0.217875677
2006,SPRING,HERRING,106,12044.442,432.291,13612,4.078216981,128.4150943,0.035891326,1.130147831,1067.54,0.404941267
2006,SPRING,MACKEREL,106,12044.442,0.312,4,0.002943396,0.037735849,2.59E-05,0.000332103,1067.54,0.000292261
2006,SPRING,POLLOCK,106,12044.442,362.959,142,3.424141509,1.339622642,0.030134978,0.01178967,1067.54,0.339995691
2006,SPRING,SAND LANCE,106,12044.442,39.375,6053,0.371462264,57.10377358,0.003269143,0.502555453,1067.54,0.036883864
2007,FALL,BUTTERFISH,97,10743.36,101.44,5858,1.045773196,60.39175258,0.009442111,0.54526703,2628.887,0.038586672
2007,FALL,HAKE,97,10743.36,1292.394,9718,13.32364948,100.185567,0.120297002,0.904558723,2628.887,0.49161261
2007,FALL,HERRING,97,10743.36,883.48,7127,9.108041237,73.4742268,0.08223498,0.663386501,2628.887,0.336066176
2007,FALL,MACKEREL,97,10743.36,91.312,1688,0.941360825,17.40206186,0.008499389,0.157120305,2628.887,0.034734091
2007,FALL,POLLOCK,97,10743.36,181.89,70,1.875154639,0.721649485,0.016930458,0.006515652,2628.887,0.069188976
2007,FALL,SAND LANCE,97,10743.36,78.371,4888,0.807948454,50.39175258,0.007294831,0.454978703,2628.887,0.029811475
2007,SPRING,BUTTERFISH,95,10693.466,0.88,18,0.009263158,0.189473684,8.23E-05,0.001683271,1663.675,0.000528949
2007,SPRING,HAKE,95,10693.466,527.044,7278,5.547831579,76.61052632,0.049286546,0.680602529,1663.675,0.316795047
2007,SPRING,HERRING,95,10693.466,209.799,3253,2.208410526,34.24210526,0.019619364,0.304204455,1663.675,0.12610576
2007,SPRING,MACKEREL,95,10693.466,497.556,2734,5.237431579,28.77894737,0.046528974,0.255670145,1663.675,0.299070431
2007,SPRING,POLLOCK,95,10693.466,415.375,206,4.372368421,2.168421053,0.038843814,0.0192641,1663.675,0.249673163
2007,SPRING,SAND LANCE,95,10693.466,13.021,1543,0.137063158,16.24210526,0.001217659,0.144293721,1663.675,0.007826649
2008,FALL,BUTTERFISH,101,11473.91,26.153,1810,0.258940594,17.92079208,0.002279345,0.157749189,2689.316,0.009724778
2008,FALL,HAKE,101,11473.91,1288.576,9340,12.75817822,92.47524752,0.112304873,0.814020678,2689.316,0.47914637
2008,FALL,HERRING,101,11473.91,1017.947,9365,10.07868317,92.72277228,0.088718405,0.816199534,2689.316,0.378515206
2008,FALL,MACKEREL,101,11473.91,53.7,304,0.531683168,3.00990099,0.004680183,0.026494891,2689.316,0.019967903
2008,FALL,OTHER,101,11473.91,20.205,205,0.200049505,2.02970297,0.001760952,0.017866621,2689.316,0.007513063
2008,FALL,POLLOCK,101,11473.91,278.624,119,2.758653465,1.178217822,0.024283265,0.010371356,2689.316,0.103604039
2008,FALL,SAND LANCE,101,11473.91,4.111,632,0.04070297,6.257425743,0.000358291,0.055081485,2689.316,0.001528641
2008,SPRING,BUTTERFISH,96,10899.92,0.101,2,0.001052083,0.020833333,9.27E-06,0.000183488,1780.953,5.67E-05
2008,SPRING,HAKE,96,10899.92,838.721,5811,8.736677083,60.53125,0.076947445,0.533123179,1780.953,0.470939435
2008,SPRING,HERRING,96,10899.92,222.574,3031,2.318479167,31.57291667,0.020419783,0.278075435,1780.953,0.124974662
2008,SPRING,MACKEREL,96,10899.92,14.487,112,0.15090625,1.166666667,0.001329092,0.010275305,1780.953,0.008134409
2008,SPRING,POLLOCK,96,10899.92,550.253,257,5.731802083,2.677083333,0.050482297,0.023578155,1780.953,0.308965481
2008,SPRING,SAND LANCE,96,10899.92,154.817,15589,1.612677083,162.3854167,0.014203499,1.430193983,1780.953,0.086929301
2009,FALL,BUTTERFISH,92,5533.14,188.256,5957,2.04626087,64.75,0.034023357,1.076603881,7533.596,0.024988863
2009,FALL,HAKE,92,5533.14,4528.275,57556,49.22038043,625.6086957,0.818391546,10.40205019,7533.596,0.601077493
2009,FALL,HERRING,92,5533.14,2685.965,36052,29.19527174,391.8695652,0.485432322,6.515649342,7533.596,0.356531595
2009,FALL,MACKEREL,92,5533.14,96.711,475,1.051206522,5.163043478,0.017478502,0.085846373,7533.596,0.012837296
2009,FALL,POLLOCK,92,5533.14,34.249,101,0.372271739,1.097826087,0.006189795,0.01825365,7533.596,0.004546169
2009,FALL,SAND LANCE,92,5533.14,0.14,16,0.001521739,0.173913043,2.53E-05,0.002891667,7533.596,1.86E-05
2009,SPRING,BUTTERFISH,118,7080,0.02,1,0.000169492,0.008474576,2.82E-06,0.000141243,4603.603,4.34E-06
2009,SPRING,HAKE,118,7080,2470.388,39960,20.93549153,338.6440678,0.348924859,5.644067797,4603.603,0.536620556
2009,SPRING,HERRING,118,7080,1852.389,27322,15.69821186,231.5423729,0.261636864,3.859039548,4603.603,0.402378094
2009,SPRING,MACKEREL,118,7080,120.166,1819,1.018355932,15.41525424,0.016972599,0.256920904,4603.603,0.026102598
2009,SPRING,POLLOCK,118,7080,157.989,126,1.338889831,1.06779661,0.022314831,0.01779661,4603.603,0.034318554
2009,SPRING,SAND LANCE,118,7080,2.651,1005,0.022466102,8.516949153,0.000374435,0.141949153,4603.603,0.000575853
2010,FALL,BUTTERFISH,81,4858.86,119.563,3232,1.47608642,39.90123457,0.024607212,0.665176605,8410.664,0.014215643
2010,FALL,HAKE,81,4858.86,6785.379,78652,83.77011111,971.0123457,1.396496092,16.18733612,8410.664,0.806759015
2010,FALL,HERRING,81,4858.86,1156.218,14825,14.2742963,183.0246914,0.237960756,3.051127219,8410.664,0.137470478
2010,FALL,MACKEREL,81,4858.86,74.858,1072,0.92417284,13.2345679,0.015406495,0.220627884,8410.664,0.008900367
2010,FALL,POLLOCK,81,4858.86,274.203,103,3.385222222,1.271604938,0.056433608,0.021198388,8410.664,0.032601825
2010,FALL,SAND LANCE,81,4858.86,0.443,18,0.005469136,0.222222222,9.12E-05,0.003704573,8410.664,5.27E-05
2010,SPRING,BUTTERFISH,114,6836.16,1.036,34,0.009087719,0.298245614,0.000151547,0.004973552,6430.023,0.000161119
2010,SPRING,HAKE,114,6836.16,5002.201,142981,43.87895614,1254.219298,0.73172673,20.91539695,6430.023,0.777944496
2010,SPRING,HERRING,114,6836.16,1220.036,33531,10.70207018,294.1315789,0.178468029,4.904946637,6430.023,0.189740534
2010,SPRING,MACKEREL,114,6836.16,86.217,588,0.756289474,5.157894737,0.012611905,0.0860132,6430.023,0.013408506
2010,SPRING,POLLOCK,114,6836.16,119.719,125,1.050166667,1.096491228,0.017512609,0.018285119,6430.023,0.018618751
2010,SPRING,SAND LANCE,114,6836.16,0.814,51,0.007140351,0.447368421,0.000119073,0.007460329,6430.023,0.000126594
2011,FALL,BUTTERFISH,89,6324.230571,249.084,6860,2.798696629,77.07865169,0.039385661,1.084716935,12061.091,0.020651863
2011,FALL,HAKE,89,6324.230571,6265.495,54967,70.39882022,617.6067416,0.990712614,8.691492093,12061.091,0.519479954
2011,FALL,HERRING,89,6324.230571,4678.309,53175,52.56526966,597.4719101,0.739743586,8.408137465,12061.091,0.387884396
2011,FALL,MACKEREL,89,6324.230571,413.846,3503,4.649955056,39.35955056,0.065438158,0.553901374,12061.091,0.034312485
2011,FALL,POLLOCK,89,6324.230571,454.357,781,5.105134831,8.775280899,0.071843839,0.123493284,12061.091,0.037671302
2011,SPRING,BUTTERFISH,101,6071.13,1.748,43,0.017306931,0.425742574,0.00028792,0.007082701,6039.993,0.000289404
2011,SPRING,HAKE,101,6071.13,3786.147,47935,37.48660396,474.6039604,0.62363135,7.895564747,6039.993,0.626846256
2011,SPRING,HERRING,101,6071.13,1315.232,32204,13.02209901,318.8514851,0.216637101,5.304449089,6039.993,0.217753895
2011,SPRING,MACKEREL,101,6071.13,56.033,314,0.554782178,3.108910891,0.009229419,0.05172019,6039.993,0.009276998
2011,SPRING,POLLOCK,101,6071.13,863.234,558,8.546871287,5.524752475,0.14218671,0.091910402,6039.993,0.142919702
2011,SPRING,SAND LANCE,101,6071.13,17.599,1434,0.174247525,14.1980198,0.002898801,0.236199851,6039.993,0.002913745
2012,FALL,BUTTERFISH,111,7870.225438,653.599,10346,5.888279279,93.20720721,0.083047049,1.314574796,15206.811,0.042980675
2012,FALL,HAKE,111,7870.225438,11676.865,132571,105.196982,1194.333333,1.483676051,16.84462549,15206.811,0.767870726
2012,FALL,HERRING,111,7870.225438,2356.34,22588,21.22828829,203.4954955,0.299399302,2.870057558,15206.811,0.154952935
2012,FALL,MACKEREL,111,7870.225438,339.27,2622,3.056486486,23.62162162,0.043108041,0.33315437,15206.811,0.022310398
2012,FALL,POLLOCK,111,7870.225438,177.593,216,1.599936937,1.945945946,0.022565173,0.027445211,15206.811,0.011678517
2012,FALL,SAND LANCE,111,7870.225438,3.144,684,0.028324324,6.162162162,0.00039948,0.086909836,15206.811,0.000206749
2012,SPRING,BUTTERFISH,125,8877.52534,3.983,110,0.031864,0.88,0.000448661,0.01239084,11074.594,0.000359652
2012,SPRING,HAKE,125,8877.52534,5871.714,155953,46.973712,1247.624,0.661413375,17.56717036,11074.594,0.530196773
2012,SPRING,HERRING,125,8877.52534,3983.426,74706,31.867408,597.648,0.448709054,8.415182964,11074.594,0.359690477
2012,SPRING,MACKEREL,125,8877.52534,998.915,13937,7.99132,111.496,0.112521785,1.569919484,11074.594,0.090198792
2012,SPRING,POLLOCK,125,8877.52534,205.583,208,1.644664,1.664,0.023157692,0.023429953,11074.594,0.01856348
2012,SPRING,SAND LANCE,125,8877.52534,10.973,2411,0.087784,19.288,0.001236043,0.271584694,11074.594,0.000990826
2013,FALL,BUTTERFISH,110,7801.98269,80.654,1512,0.733218182,13.74545455,0.010337629,0.193796892,11744.937,0.006867129
2013,FALL,HAKE,110,7801.98269,9294.314,100379,84.49376364,912.5363636,1.191275906,12.86583219,11744.937,0.791346433
2013,FALL,HERRING,110,7801.98269,2286.985,21680,20.79077273,197.0909091,0.293128694,2.778780838,11744.937,0.194720925
2013,FALL,MACKEREL,110,7801.98269,27.76,172,0.252363636,1.563636364,0.00355807,0.022045678,11744.937,0.002363572
2013,FALL,POLLOCK,110,7801.98269,55.211,163,0.501918182,1.481818182,0.007076535,0.020892125,11744.937,0.004700834
2013,FALL,SAND LANCE,110,7801.98269,0.013,1,0.000118182,0.009090909,1.67E-06,0.000128173,11744.937,1.11E-06
2013,SPRING,BUTTERFISH,122,8655.922914,8.087,152,0.066286885,1.245901639,0.000934274,0.01756023,9640.876,0.000838824
2013,SPRING,HAKE,122,8655.922914,5471.895,96274,44.85159836,789.1311475,0.632156161,11.12232641,9640.876,0.567572387
2013,SPRING,HERRING,122,8655.922914,2497.908,49577,20.47465574,406.3688525,0.288577893,5.72752328,9640.876,0.259095543
2013,SPRING,MACKEREL,122,8655.922914,1487.273,10432,12.1907623,85.50819672,0.171821424,1.205186334,9640.876,0.154267413
2013,SPRING,POLLOCK,122,8655.922914,174.972,94,1.434196721,0.770491803,0.020214136,0.010859616,9640.876,0.018148973
2013,SPRING,SAND LANCE,122,8655.922914,0.741,69,0.00607377,0.56557377,8.56E-05,0.00797142,9640.876,7.69E-05
2014,FALL,BUTTERFISH,109,7718.713038,272.607,9334,2.500981651,85.63302752,0.035317675,1.209268949,16687.458,0.016336041
2014,FALL,HAKE,109,7718.713038,11412.415,109392,104.701055,1003.59633,1.478538578,14.17231078,16687.458,0.683891759
2014,FALL,HERRING,109,7718.713038,3663.919,29639,33.61393578,271.9174312,0.474680038,3.839888833,16687.458,0.219561242
2014,FALL,MACKEREL,109,7718.713038,727.938,3059,6.678330275,28.06422018,0.094308209,0.39630959,16687.458,0.043621863
2014,FALL,POLLOCK,109,7718.713038,610.567,1137,5.60153211,10.43119266,0.079102176,0.147304349,16687.458,0.036588377
2014,FALL,SAND LANCE,109,7718.713038,0.012,3,0.000110092,0.027522936,1.55E-06,0.000388666,16687.458,7.19E-07
2014,SPRING,BUTTERFISH,109,7733.810991,1.405,16,0.012889908,0.146788991,0.00018167,0.002068838,9971.557,0.000140901
2014,SPRING,HAKE,109,7733.810991,7870.043,137384,72.20222936,1260.40367,1.01761512,17.7640752,9971.557,0.789249161
2014,SPRING,HERRING,109,7733.810991,1974.085,20315,18.11087156,186.3761468,0.255253846,2.626777409,9971.557,0.197971591
2014,SPRING,MACKEREL,109,7733.810991,52.245,354,0.479311927,3.247706422,0.006755402,0.045773035,9971.557,0.005239402
2014,SPRING,POLLOCK,109,7733.810991,70.297,87,0.644926606,0.798165138,0.009089568,0.011249305,9971.557,0.007049752
2014,SPRING,SAND LANCE,109,7733.810991,3.482,437,0.031944954,4.009174312,0.000450231,0.056505131,9971.557,0.000349193
2015,FALL,BUTTERFISH,112,7932.78425,671.928,18256,5.999357143,163,0.084702669,2.301335751,16024.014,0.041932564
2015,FALL,HAKE,112,7932.78425,11832.623,86023,105.6484196,768.0625,1.491610338,10.84398583,16024.014,0.738430645
2015,FALL,HERRING,112,7932.78425,2749.53,24354,24.549375,217.4464286,0.346603401,3.070044417,16024.014,0.171588093
2015,FALL,MACKEREL,112,7932.78425,504.341,2708,4.503044643,24.17857143,0.063576795,0.341368165,16024.014,0.031474074
2015,FALL,POLLOCK,112,7932.78425,265.56,364,2.371071429,3.25,0.033476267,0.045885529,16024.014,0.016572627
2015,FALL,SAND LANCE,112,7932.78425,0.032,5,0.000285714,0.044642857,4.03E-06,0.000630296,16024.014,2.00E-06
2015,SPRING,BUTTERFISH,121,8603.737283,1.502,28,0.012413223,0.231404959,0.000174575,0.0032544,13078.872,0.000114842
2015,SPRING,HAKE,121,8603.737283,7981.159,84172,65.95999174,695.6363636,0.927638622,9.783190401,13078.872,0.610232977
2015,SPRING,HERRING,121,8603.737283,1783.567,24986,14.74022314,206.4958678,0.207301425,2.904086815,13078.872,0.136370094
2015,SPRING,MACKEREL,121,8603.737283,2477.993,15457,20.47928099,127.7438017,0.28801356,1.796544861,13078.872,0.189465345
2015,SPRING,POLLOCK,121,8603.737283,798.165,249,6.596404959,2.05785124,0.092769569,0.028940912,13078.872,0.061027052
2015,SPRING,SAND LANCE,121,8603.737283,36.486,16028,0.30153719,132.4628099,0.004240715,1.862911369,13078.872,0.00278969
2016,FALL,BUTTERFISH,122,8657.272849,417.946,19715,3.425786885,161.5983607,0.048276866,2.277276037,22499.861,0.018575493
2016,FALL,HAKE,122,8657.272849,14394.835,128059,117.9904508,1049.663934,1.662744753,14.79207162,22499.861,0.639774397
2016,FALL,HERRING,122,8657.272849,5488.49,42777,44.98762295,350.6311475,0.633974474,4.94116343,22499.861,0.243934396
2016,FALL,MACKEREL,122,8657.272849,2009.634,9968,16.47240984,81.70491803,0.232132455,1.151401853,22499.861,0.089317618
2016,FALL,POLLOCK,122,8657.272849,188.916,248,1.548491803,2.032786885,0.021821653,0.028646435,22499.861,0.008396319
2016,FALL,SAND LANCE,122,8657.272849,0.04,6,0.000327869,0.049180328,4.62E-06,0.000693059,22499.861,1.78E-06
2016,SPRING,BUTTERFISH,120,8511.266762,16.611,302,0.138425,2.516666667,0.001951648,0.03548238,12758.474,0.001301958
2016,SPRING,HAKE,120,8511.266762,8568.957,98698,71.407975,822.4833333,1.006778102,11.59615869,12758.474,0.671628676
2016,SPRING,HERRING,120,8511.266762,3456.823,29746,28.80685833,247.8833333,0.406146711,3.494896921,12758.474,0.270943296
2016,SPRING,MACKEREL,120,8511.266762,302.807,2697,2.523391667,22.475,0.035577195,0.316874101,12758.474,0.023733794
2016,SPRING,POLLOCK,120,8511.266762,411.823,727,3.431858333,6.058333333,0.048385629,0.085416192,12758.474,0.03227839
2016,SPRING,SAND LANCE,120,8511.266762,1.453,521,0.012108333,4.341666667,0.000170715,0.06121298,12758.474,0.000113885
2017,FALL,BUTTERFISH,79,5598.498611,54.808,1371,0.693772152,17.35443038,0.009789768,0.244887084,15042.669,0.003643502
2017,FALL,HAKE,79,5598.498611,7185.528,83682,90.95605063,1059.265823,1.283474106,14.94722171,15042.669,0.477676402
2017,FALL,HERRING,79,5598.498611,3604.248,26354,45.62339241,333.5949367,0.643788317,4.707333489,15042.669,0.239601629
2017,FALL,MACKEREL,79,5598.498611,4119.706,18273,52.14817722,231.3037975,0.735859073,3.263910786,15042.669,0.273868022
2017,FALL,POLLOCK,79,5598.498611,78.344,62,0.991696203,0.784810127,0.013993752,0.011074398,15042.669,0.005208118
2017,FALL,SAND LANCE,79,5598.498611,0.035,5,0.000443038,0.063291139,6.25E-06,0.000893097,15042.669,2.33E-06
2017,SPRING,BUTTERFISH,101,7159.982202,1.031,21,0.010207921,0.207920792,0.000143995,0.002932968,10148.291,0.000101593
2017,SPRING,HAKE,101,7159.982202,7430.011,86297,73.56446535,854.4257426,1.037713613,12.05268359,10148.291,0.732144062
2017,SPRING,HERRING,101,7159.982202,1281.219,12280,12.68533663,121.5841584,0.178941646,1.715088062,10148.291,0.12624973
2017,SPRING,MACKEREL,101,7159.982202,1312.129,12509,12.99137624,123.8514851,0.183258696,1.747071382,10148.291,0.129295563
2017,SPRING,POLLOCK,101,7159.982202,122.078,279,1.208693069,2.762376238,0.017050042,0.038966577,10148.291,0.012029415
2017,SPRING,SAND LANCE,101,7159.982202,1.823,343,0.018049505,3.396039604,0.00025461,0.047905147,10148.291,0.000179636
2018,FALL,BUTTERFISH,77,5436.61303,191.046,17762,2.481116883,230.6753247,0.035140629,3.267107646,7114.979,0.026851239
2018,FALL,HAKE,77,5436.61303,5312.223,61896,68.98990909,803.8441558,0.97711994,11.38502955,7114.979,0.746625254
2018,FALL,HERRING,77,5436.61303,1186.403,8853,15.40783117,114.974026,0.218224654,1.628403558,7114.979,0.166747224
2018,FALL,MACKEREL,77,5436.61303,378.534,2501,4.916025974,32.48051948,0.069626806,0.460029063,7114.979,0.053202406
2018,FALL,POLLOCK,77,5436.61303,46.729,63,0.60687013,0.818181818,0.008595241,0.011588097,7114.979,0.006567693
2018,FALL,SAND LANCE,77,5436.61303,0.044,5,0.000571429,0.064935065,8.09E-06,0.00091969,7114.979,6.18E-06
2018,SPRING,BUTTERFISH,60,4258.546398,0.285,5,0.00475,0.083333333,6.69E-05,0.00117411,4967.16,5.74E-05
2018,SPRING,HAKE,60,4258.546398,3714.433,63214,61.90721667,1053.566667,0.872230253,14.84403224,4967.16,0.747798138
2018,SPRING,HERRING,60,4258.546398,446.855,5691,7.447583333,94.85,0.104931345,1.336371491,4967.16,0.08996187
2018,SPRING,MACKEREL,60,4258.546398,174.606,1781,2.9101,29.68333333,0.041001314,0.418217822,4967.16,0.035152079
2018,SPRING,POLLOCK,60,4258.546398,624.633,927,10.41055,15.45,0.146677514,0.217679911,4967.16,0.125752543
2018,SPRING,SAND LANCE,60,4258.546398,6.348,506,0.1058,8.433333333,0.001490649,0.118819887,4967.16,0.001277994
2019,FALL,BUTTERFISH,95,6707.57648,35.772,2991,0.376547368,31.48421053,0.005333074,0.445913663,9805.246,0.003648251
2019,FALL,HAKE,95,6707.57648,7495.646,83868,78.90153684,882.8210526,1.117489457,12.50347279,9805.246,0.764452621
2019,FALL,HERRING,95,6707.57648,857.403,7580,9.025294737,79.78947368,0.127826049,1.130065385,9805.246,0.087443293
2019,FALL,MACKEREL,95,6707.57648,1289.315,6495,13.57173684,68.36842105,0.192217711,0.968308005,9805.246,0.131492366
2019,FALL,POLLOCK,95,6707.57648,127.102,46,1.337915789,0.484210526,0.01894902,0.006857917,9805.246,0.012962653
2019,FALL,SAND LANCE,95,6707.57648,0.008,1,8.42E-05,0.010526316,1.19E-06,0.000149085,9805.246,8.16E-07
2019,SPRING,BUTTERFISH,110,7764.539766,1.103,13,0.010027273,0.118181818,0.000142056,0.001674278,8789.143,0.000125496
2019,SPRING,HAKE,110,7764.539766,5688.635,73331,51.71486364,666.6454545,0.732642909,9.444345989,8789.143,0.647234321
2019,SPRING,HERRING,110,7764.539766,2384.003,27479,21.67275455,249.8090909,0.307037258,3.539037834,8789.143,0.271244079
2019,SPRING,MACKEREL,110,7764.539766,615.199,7355,5.592718182,66.86363636,0.079231869,0.947255114,8789.143,0.069995334
2019,SPRING,POLLOCK,110,7764.539766,99.355,50,0.903227273,0.454545455,0.012795993,0.006439532,8789.143,0.011304288
2019,SPRING,SAND LANCE,110,7764.539766,0.848,189,0.007709091,1.718181818,0.000109214,0.02434143,8789.143,9.65E-05
