"Year","season","Trawls","Trawls_Efforts","Family","Species","trawlCatch_Num","trawlMeasured_Num","propMeasured","propMeasured_catchable","trawlCatch_catchableNum","trawlCatch_catchablePerTrawl","trawlCatch_catchablePerEffort"
"1963","FALL",5,8.63333333333333,"HERRING","ALEWIFE",85,28,0.329411764705882,0.285714285714286,24.2857142857143,4.85714285714286,2.81301709873138
"1963","FALL",5,8.63333333333333,"HERRING","ATLANTIC HERRING",36,17,0.472222222222222,0,0,0,0
"1963","FALL",5,8.63333333333333,"MACKEREL","ATLANTIC MACKEREL",2,2,1,0,0,0,0
"1963","FALL",5,8.63333333333333,"POLLOCK","POLLOCK",17,16,0.941176470588235,0,0,0,0
"1963","FALL",5,8.63333333333333,"HAKE","RED HAKE",137,78,0.569343065693431,0.0384615384615385,5.26923076923077,1.05384615384615,0.61033561033561
"1963","FALL",5,8.63333333333333,"HAKE","SILVER HAKE",982,131,0.133401221995927,0.419847328244275,412.290076335878,82.4580152671756,47.755607297592
"1963","FALL",5,8.63333333333333,"HAKE","WHITE HAKE",86,59,0.686046511627907,0,0,0,0
"1964","FALL",4,7,"HERRING","ALEWIFE",1,1,1,0,0,0,0
"1964","FALL",4,7,"HERRING","ATLANTIC HERRING",4,2,0.5,0,0,0,0
"1964","FALL",4,7,"POLLOCK","POLLOCK",2,2,1,0,0,0,0
"1964","FALL",4,7,"HAKE","RED HAKE",15,14,0.933333333333333,0,0,0,0
"1964","FALL",4,7,"HAKE","SILVER HAKE",246,79,0.321138211382114,0.151898734177215,37.3670886075949,9.34177215189873,5.33815551537071
"1964","FALL",4,7,"HAKE","WHITE HAKE",18,16,0.888888888888889,0,0,0,0
"1965","FALL",5,8.75,"HERRING","ALEWIFE",1,1,1,0,0,0,0
"1965","FALL",5,8.75,"HERRING","ATLANTIC HERRING",10,10,1,0,0,0,0
"1965","FALL",5,8.75,"POLLOCK","POLLOCK",5,5,1,0,0,0,0
"1965","FALL",5,8.75,"HAKE","RED HAKE",2,2,1,0,0,0,0
"1965","FALL",5,8.75,"HAKE","SILVER HAKE",839,71,0.0846245530393325,0.0845070422535211,70.9014084507042,14.1802816901408,8.10301810865191
"1965","FALL",5,8.75,"HAKE","WHITE HAKE",8,8,1,0,0,0,0
"1966","FALL",4,7,"HERRING","ALEWIFE",1,1,1,0,0,0,0
"1966","FALL",4,7,"HERRING","ATLANTIC HERRING",74,14,0.189189189189189,0,0,0,0
"1966","FALL",4,7,"POLLOCK","POLLOCK",9,9,1,0,0,0,0
"1966","FALL",4,7,"HAKE","RED HAKE",18,13,0.722222222222222,0,0,0,0
"1966","FALL",4,7,"HAKE","SILVER HAKE",350,63,0.18,0.0793650793650794,27.7777777777778,6.94444444444444,3.96825396825397
"1966","FALL",4,7,"HAKE","WHITE HAKE",36,33,0.916666666666667,0.0606060606060606,2.18181818181818,0.545454545454545,0.311688311688312
"1967","FALL",5,8.75,"HERRING","ALEWIFE",4,4,1,0.25,1,0.2,0.114285714285714
"1967","FALL",5,8.75,"HERRING","ATLANTIC HERRING",23,8,0.347826086956522,0,0,0,0
"1967","FALL",5,8.75,"HAKE","RED HAKE",2,2,1,0,0,0,0
"1967","FALL",5,8.75,"HAKE","SILVER HAKE",5,4,0.8,0,0,0,0
"1967","FALL",5,8.75,"HAKE","WHITE HAKE",4,4,1,0,0,0,0
"1968","FALL",1,1.75,"POLLOCK","POLLOCK",1,1,1,0,0,0,0
"1968","FALL",1,1.75,"HAKE","RED HAKE",7,7,1,0,0,0,0
"1968","FALL",1,1.75,"HAKE","SILVER HAKE",3,2,0.666666666666667,1,3,3,1.71428571428571
"1968","FALL",1,1.75,"HAKE","WHITE HAKE",2,2,1,0,0,0,0
"1968","SPRING",3,5.25,"HERRING","ALEWIFE",2,2,1,1,2,0.666666666666667,0.380952380952381
"1968","SPRING",3,5.25,"HERRING","ATLANTIC HERRING",5,5,1,0.6,3,1,0.571428571428571
"1968","SPRING",3,5.25,"HERRING","BLUEBACK HERRING",2,2,1,1,2,0.666666666666667,0.380952380952381
"1968","SPRING",3,5.25,"POLLOCK","POLLOCK",1,1,1,0,0,0,0
"1968","SPRING",3,5.25,"HAKE","RED HAKE",14,10,0.714285714285714,0,0,0,0
"1968","SPRING",3,5.25,"HAKE","SILVER HAKE",4,4,1,0,0,0,0
"1968","SPRING",3,5.25,"HAKE","WHITE HAKE",2,2,1,0,0,0,0
"1969","FALL",2,3.5,"HAKE","SILVER HAKE",52,15,0.288461538461538,0.133333333333333,6.93333333333333,3.46666666666667,1.98095238095238
"1969","FALL",2,3.5,"HAKE","WHITE HAKE",77,46,0.597402597402597,0.0217391304347826,1.67391304347826,0.83695652173913,0.478260869565217
"1969","SPRING",2,3.5,"POLLOCK","POLLOCK",2,2,1,0,0,0,0
"1969","SPRING",2,3.5,"HAKE","RED HAKE",2,2,1,0,0,0,0
"1969","SPRING",2,3.5,"HAKE","WHITE HAKE",10,9,0.9,0,0,0,0
"1970","FALL",3,5.075,"HERRING","ALEWIFE",7,4,0.571428571428571,0.5,3.5,1.16666666666667,0.689655172413793
"1970","FALL",3,5.075,"MACKEREL","ATLANTIC MACKEREL",1,1,1,0,0,0,0
"1970","FALL",3,5.075,"POLLOCK","POLLOCK",1,1,1,0,0,0,0
"1970","FALL",3,5.075,"HAKE","RED HAKE",10,8,0.8,0,0,0,0
"1970","FALL",3,5.075,"HAKE","SILVER HAKE",460,45,0.0978260869565217,0.244444444444444,112.444444444444,37.4814814814815,22.1565407772304
"1970","FALL",3,5.075,"HAKE","WHITE HAKE",104,62,0.596153846153846,0,0,0,0
"1970","SPRING",2,3.5,"POLLOCK","POLLOCK",2,2,1,0,0,0,0
"1970","SPRING",2,3.5,"HAKE","RED HAKE",7,7,1,0.142857142857143,1,0.5,0.285714285714286
"1970","SPRING",2,3.5,"HAKE","SILVER HAKE",53,15,0.283018867924528,0.266666666666667,14.1333333333333,7.06666666666667,4.03809523809524
"1970","SPRING",2,3.5,"HAKE","WHITE HAKE",34,22,0.647058823529412,0,0,0,0
"1971","FALL",2,3.5,"POLLOCK","POLLOCK",2,2,1,0,0,0,0
"1971","FALL",2,3.5,"HAKE","RED HAKE",3,3,1,0,0,0,0
"1971","FALL",2,3.5,"HAKE","SILVER HAKE",9,5,0.555555555555556,1,9,4.5,2.57142857142857
"1971","FALL",2,3.5,"HAKE","WHITE HAKE",7,5,0.714285714285714,0,0,0,0
"1971","SPRING",5,8.75,"HERRING","ALEWIFE",23,12,0.521739130434783,0.916666666666667,21.0833333333333,4.21666666666667,2.40952380952381
"1971","SPRING",5,8.75,"HERRING","ATLANTIC HERRING",3,3,1,0.666666666666667,2,0.4,0.228571428571429
"1971","SPRING",5,8.75,"POLLOCK","POLLOCK",1,1,1,0,0,0,0
"1971","SPRING",5,8.75,"HAKE","RED HAKE",6,6,1,0.166666666666667,1,0.2,0.114285714285714
"1971","SPRING",5,8.75,"HAKE","SILVER HAKE",10,9,0.9,0.888888888888889,8.88888888888889,1.77777777777778,1.01587301587302
"1971","SPRING",5,8.75,"HAKE","WHITE HAKE",16,13,0.8125,0,0,0,0
"1972","FALL",6,9.38571935821588,"HERRING","ALEWIFE",15,13,0.866666666666667,0.0769230769230769,1.15384615384615,0.192307692307692,0.122936357865433
"1972","FALL",6,9.38571935821588,"HERRING","ATLANTIC HERRING",2,2,1,0,0,0,0
"1972","FALL",6,9.38571935821588,"BUTTERFISH","BUTTERFISH",2,2,1,1,2,0.333333333333333,0.213089686966751
"1972","FALL",6,9.38571935821588,"POLLOCK","POLLOCK",16,13,0.8125,0,0,0,0
"1972","FALL",6,9.38571935821588,"HAKE","RED HAKE",25,24,0.96,0,0,0,0
"1972","FALL",6,9.38571935821588,"HAKE","SILVER HAKE",352,85,0.241477272727273,0.211764705882353,74.5411764705882,12.4235294117647,7.94197798012551
"1972","FALL",6,9.38571935821588,"HAKE","WHITE HAKE",77,68,0.883116883116883,0,0,0,0
"1972","SPRING",5,8.75,"HERRING","ALEWIFE",4,3,0.75,1,4,0.8,0.457142857142857
"1972","SPRING",5,8.75,"POLLOCK","POLLOCK",9,9,1,0,0,0,0
"1972","SPRING",5,8.75,"HAKE","RED HAKE",18,12,0.666666666666667,0,0,0,0
"1972","SPRING",5,8.75,"HAKE","SILVER HAKE",97,24,0.247422680412371,0.541666666666667,52.5416666666667,10.5083333333333,6.0047619047619
"1972","SPRING",5,8.75,"HAKE","WHITE HAKE",42,28,0.666666666666667,0,0,0,0
"1973","FALL",3,4.69285967910794,"HERRING","ALEWIFE",15,9,0.6,0,0,0,0
"1973","FALL",3,4.69285967910794,"HERRING","ATLANTIC HERRING",1,1,1,0,0,0,0
"1973","FALL",3,4.69285967910794,"MACKEREL","ATLANTIC MACKEREL",2,2,1,0,0,0,0
"1973","FALL",3,4.69285967910794,"POLLOCK","POLLOCK",14,11,0.785714285714286,0,0,0,0
"1973","FALL",3,4.69285967910794,"HAKE","RED HAKE",3,3,1,0,0,0,0
"1973","FALL",3,4.69285967910794,"HAKE","SILVER HAKE",36,21,0.583333333333333,0.333333333333333,12,4,2.55707624360102
"1973","FALL",3,4.69285967910794,"HAKE","WHITE HAKE",11,11,1,0,0,0,0
"1973","SPRING",1,1.56428655970265,"HAKE","RED HAKE",1,1,1,0,0,0,0
"1973","SPRING",1,1.56428655970265,"HAKE","SILVER HAKE",43,9,0.209302325581395,0,0,0,0
"1973","SPRING",1,1.56428655970265,"HAKE","WHITE HAKE",4,3,0.75,0,0,0,0
"1974","FALL",3,4.69285967910794,"HERRING","ALEWIFE",11,5,0.454545454545455,0,0,0,0
"1974","FALL",3,4.69285967910794,"POLLOCK","POLLOCK",59,23,0.389830508474576,0,0,0,0
"1974","FALL",3,4.69285967910794,"HAKE","RED HAKE",10,10,1,0,0,0,0
"1974","FALL",3,4.69285967910794,"HAKE","SILVER HAKE",57,22,0.385964912280702,0.272727272727273,15.5454545454545,5.18181818181818,3.31257604284677
"1974","FALL",3,4.69285967910794,"HAKE","WHITE HAKE",20,17,0.85,0,0,0,0
"1974","SPRING",4,6.25714623881059,"HERRING","ATLANTIC HERRING",8,8,1,0,0,0,0
"1974","SPRING",4,6.25714623881059,"POLLOCK","POLLOCK",2,2,1,0,0,0,0
"1974","SPRING",4,6.25714623881059,"HAKE","RED HAKE",53,33,0.622641509433962,0.0303030303030303,1.60606060606061,0.401515151515152,0.256676213846314
"1974","SPRING",4,6.25714623881059,"HAKE","SILVER HAKE",1404,31,0.0220797720797721,0.387096774193548,543.483870967742,135.870967741935,86.8581059519958
"1974","SPRING",4,6.25714623881059,"HAKE","WHITE HAKE",58,30,0.517241379310345,0.0333333333333333,1.93333333333333,0.483333333333333,0.308980046101789
"1975","FALL",4,6.25714623881059,"HERRING","ATLANTIC HERRING",1,1,1,0,0,0,0
"1975","FALL",4,6.25714623881059,"POLLOCK","POLLOCK",8,8,1,0,0,0,0
"1975","FALL",4,6.25714623881059,"HAKE","RED HAKE",27,24,0.888888888888889,0.0416666666666667,1.125,0.28125,0.179794423378196
"1975","FALL",4,6.25714623881059,"HAKE","SILVER HAKE",125,54,0.432,0.333333333333333,41.6666666666667,10.4166666666667,6.65905271771098
"1975","FALL",4,6.25714623881059,"HAKE","WHITE HAKE",12,10,0.833333333333333,0,0,0,0
"1975","SPRING",2,3.12857311940529,"HERRING","ALEWIFE",1,1,1,0,0,0,0
"1975","SPRING",2,3.12857311940529,"HAKE","RED HAKE",33,22,0.666666666666667,0,0,0,0
"1975","SPRING",2,3.12857311940529,"HAKE","SILVER HAKE",383,40,0.10443864229765,0.425,162.775,81.3875,52.0285106940194
"1975","SPRING",2,3.12857311940529,"HAKE","WHITE HAKE",19,14,0.736842105263158,0,0,0,0
"1976","FALL",5,7.82143279851323,"HERRING","ALEWIFE",12,4,0.333333333333333,0,0,0,0
"1976","FALL",5,7.82143279851323,"HERRING","ATLANTIC HERRING",7,4,0.571428571428571,0,0,0,0
"1976","FALL",5,7.82143279851323,"POLLOCK","POLLOCK",13,13,1,0,0,0,0
"1976","FALL",5,7.82143279851323,"HAKE","RED HAKE",15,13,0.866666666666667,0,0,0,0
"1976","FALL",5,7.82143279851323,"HAKE","SILVER HAKE",197,62,0.314720812182741,0.32258064516129,63.5483870967742,12.7096774193548,8.12490354821613
"1976","FALL",5,7.82143279851323,"HAKE","WHITE HAKE",51,41,0.803921568627451,0,0,0,0
"1976","SPRING",5,7.82143279851323,"HERRING","ALEWIFE",11,9,0.818181818181818,0.111111111111111,1.22222222222222,0.244444444444444,0.156265770442284
"1976","SPRING",5,7.82143279851323,"HERRING","ATLANTIC HERRING",13,5,0.384615384615385,0,0,0,0
"1976","SPRING",5,7.82143279851323,"POLLOCK","POLLOCK",18,13,0.722222222222222,0,0,0,0
"1976","SPRING",5,7.82143279851323,"HAKE","RED HAKE",85,56,0.658823529411765,0,0,0,0
"1976","SPRING",5,7.82143279851323,"HAKE","SILVER HAKE",559,114,0.203935599284436,0.236842105263158,132.394736842105,26.4789473684211,16.9271718178378
"1976","SPRING",5,7.82143279851323,"HAKE","WHITE HAKE",139,65,0.467625899280576,0,0,0,0
"1977","FALL",4,6.25714623881059,"HERRING","ALEWIFE",22,12,0.545454545454545,0,0,0,0
"1977","FALL",4,6.25714623881059,"HERRING","ATLANTIC HERRING",1,1,1,0,0,0,0
"1977","FALL",4,6.25714623881059,"POLLOCK","POLLOCK",10,10,1,0,0,0,0
"1977","FALL",4,6.25714623881059,"HAKE","RED HAKE",55,38,0.690909090909091,0,0,0,0
"1977","FALL",4,6.25714623881059,"HAKE","SILVER HAKE",295,81,0.274576271186441,0.197530864197531,58.2716049382716,14.5679012345679,9.31280854150987
"1977","FALL",4,6.25714623881059,"HAKE","WHITE HAKE",98,69,0.704081632653061,0,0,0,0
"1977","SPRING",4,6.25714623881059,"HERRING","ALEWIFE",3,3,1,0.666666666666667,2,0.5,0.319634530450127
"1977","SPRING",4,6.25714623881059,"HERRING","ATLANTIC HERRING",1,1,1,0,0,0,0
"1977","SPRING",4,6.25714623881059,"HERRING","BLUEBACK HERRING",1,1,1,1,1,0.25,0.159817265225063
"1977","SPRING",4,6.25714623881059,"HAKE","RED HAKE",28,18,0.642857142857143,0,0,0,0
"1977","SPRING",4,6.25714623881059,"HAKE","SILVER HAKE",180,72,0.4,0.25,45,11.25,7.19177693512786
"1977","SPRING",4,6.25714623881059,"HAKE","WHITE HAKE",32,30,0.9375,0,0,0,0
"1978","FALL",12,18.7714387164318,"HERRING","ALEWIFE",168,40,0.238095238095238,0,0,0,0
"1978","FALL",12,18.7714387164318,"HERRING","ATLANTIC HERRING",8,5,0.625,0,0,0,0
"1978","FALL",12,18.7714387164318,"MACKEREL","ATLANTIC MACKEREL",7,4,0.571428571428571,0,0,0,0
"1978","FALL",12,18.7714387164318,"BUTTERFISH","BUTTERFISH",1,1,1,0,0,0,0
"1978","FALL",12,18.7714387164318,"POLLOCK","POLLOCK",40,33,0.825,0,0,0,0
"1978","FALL",12,18.7714387164318,"HAKE","RED HAKE",171,98,0.573099415204678,0.0102040816326531,1.74489795918367,0.145408163265306,0.092954939977843
"1978","FALL",12,18.7714387164318,"HAKE","SILVER HAKE",728,194,0.266483516483516,0.381443298969072,277.690721649485,23.1408934707904,14.793257237465
"1978","FALL",12,18.7714387164318,"HAKE","WHITE HAKE",54,49,0.907407407407407,0.0408163265306122,2.20408163265306,0.183673469387755,0.117416766287802
"1978","SPRING",5,7.82143279851323,"HERRING","ALEWIFE",4,4,1,0.5,2,0.4,0.255707624360102
"1978","SPRING",5,7.82143279851323,"HAKE","RED HAKE",43,31,0.720930232558139,0,0,0,0
"1978","SPRING",5,7.82143279851323,"HAKE","SILVER HAKE",58,31,0.53448275862069,0.0645161290322581,3.74193548387097,0.748387096774193,0.478420716544706
"1978","SPRING",5,7.82143279851323,"HAKE","WHITE HAKE",7,6,0.857142857142857,0,0,0,0
"1979","FALL",16,25.0285849552423,"HERRING","ALEWIFE",39,19,0.487179487179487,0.0526315789473684,2.05263157894737,0.128289473684211,0.0820114913654931
"1979","FALL",16,25.0285849552423,"HERRING","ATLANTIC HERRING",10,7,0.7,0,0,0,0
"1979","FALL",16,25.0285849552423,"MACKEREL","ATLANTIC MACKEREL",15,10,0.666666666666667,0,0,0,0
"1979","FALL",16,25.0285849552423,"BUTTERFISH","BUTTERFISH",74,10,0.135135135135135,1,74,4.625,2.95661940666367
"1979","FALL",16,25.0285849552423,"POLLOCK","POLLOCK",11,8,0.727272727272727,0,0,0,0
"1979","FALL",16,25.0285849552423,"HAKE","RED HAKE",97,72,0.742268041237113,0.0138888888888889,1.34722222222222,0.0842013888888889,0.0538273428014971
"1979","FALL",16,25.0285849552423,"HAKE","SILVER HAKE",589,186,0.315789473684211,0.381720430107527,224.833333333333,14.0520833333333,8.98306211619211
"1979","FALL",16,25.0285849552423,"HAKE","WHITE HAKE",114,82,0.719298245614035,0,0,0,0
"1979","SPRING",7,10.9500059179185,"HERRING","ALEWIFE",65,23,0.353846153846154,0.782608695652174,50.8695652173913,7.26708074534162,4.64561988356085
"1979","SPRING",7,10.9500059179185,"HERRING","BLUEBACK HERRING",189,25,0.132275132275132,0.8,151.2,21.6,13.8082117154455
"1979","SPRING",7,10.9500059179185,"SAND LANCE","NORTHERN SAND LANCE",6,3,0.5,0,0,0,0
"1979","SPRING",7,10.9500059179185,"POLLOCK","POLLOCK",1,1,1,0,0,0,0
"1979","SPRING",7,10.9500059179185,"HAKE","RED HAKE",368,43,0.116847826086957,0,0,0,0
"1979","SPRING",7,10.9500059179185,"HAKE","SILVER HAKE",306,76,0.248366013071895,0.184210526315789,56.3684210526316,8.05263157894737,5.14779822724941
"1979","SPRING",7,10.9500059179185,"HAKE","WHITE HAKE",34,26,0.764705882352941,0,0,0,0
"1980","FALL",8,12.5142924776212,"HERRING","ALEWIFE",6,6,1,0.166666666666667,1,0.125,0.0799086326125317
"1980","FALL",8,12.5142924776212,"HERRING","ATLANTIC HERRING",1,1,1,0,0,0,0
"1980","FALL",8,12.5142924776212,"HERRING","BLUEBACK HERRING",1,1,1,1,1,0.125,0.0799086326125317
"1980","FALL",8,12.5142924776212,"POLLOCK","POLLOCK",21,18,0.857142857142857,0,0,0,0
"1980","FALL",8,12.5142924776212,"HAKE","RED HAKE",122,74,0.60655737704918,0.0135135135135135,1.64864864864865,0.206081081081081,0.131741259172012
"1980","FALL",8,12.5142924776212,"HAKE","SILVER HAKE",376,118,0.313829787234043,0.398305084745763,149.762711864407,18.7203389830508,11.9673335214293
"1980","FALL",8,12.5142924776212,"HAKE","WHITE HAKE",97,67,0.690721649484536,0,0,0,0
"1980","SPRING",4,6.25714623881059,"HERRING","ALEWIFE",700,14,0.02,0.642857142857143,450,112.5,71.9177693512786
"1980","SPRING",4,6.25714623881059,"HERRING","ATLANTIC HERRING",475,18,0.0378947368421053,0.166666666666667,79.1666666666667,19.7916666666667,12.6522001636509
"1980","SPRING",4,6.25714623881059,"HERRING","BLUEBACK HERRING",505,10,0.0198019801980198,0.8,404,101,64.5661751509256
"1980","SPRING",4,6.25714623881059,"SAND LANCE","NORTHERN SAND LANCE",148,11,0.0743243243243243,0.181818181818182,26.9090909090909,6.72727272727273,4.30053731878353
"1980","SPRING",4,6.25714623881059,"POLLOCK","POLLOCK",21,13,0.619047619047619,0,0,0,0
"1980","SPRING",4,6.25714623881059,"HAKE","RED HAKE",13,12,0.923076923076923,0,0,0,0
"1980","SPRING",4,6.25714623881059,"HAKE","SILVER HAKE",79,29,0.367088607594937,0.206896551724138,16.3448275862069,4.08620689655172,2.61218564540276
"1980","SPRING",4,6.25714623881059,"HAKE","WHITE HAKE",5,4,0.8,0,0,0,0
"1981","FALL",5,8.26190645273863,"HERRING","ALEWIFE",5,5,1,0.2,1,0.2,0.12103743920612
"1981","FALL",5,8.26190645273863,"HERRING","ATLANTIC HERRING",1,1,1,0,0,0,0
"1981","FALL",5,8.26190645273863,"MACKEREL","ATLANTIC MACKEREL",1,1,1,0,0,0,0
"1981","FALL",5,8.26190645273863,"POLLOCK","POLLOCK",8,8,1,0,0,0,0
"1981","FALL",5,8.26190645273863,"HAKE","RED HAKE",69,39,0.565217391304348,0.0512820512820513,3.53846153846154,0.707692307692308,0.428286323344731
"1981","FALL",5,8.26190645273863,"HAKE","SILVER HAKE",92,47,0.510869565217391,0.276595744680851,25.4468085106383,5.08936170212766,3.08001653809615
"1981","FALL",5,8.26190645273863,"HAKE","WHITE HAKE",39,27,0.692307692307692,0.111111111111111,4.33333333333333,0.866666666666667,0.524495569893186
"1981","SPRING",2,3.12857311940529,"HERRING","ALEWIFE",15,9,0.6,0.222222222222222,3.33333333333333,1.66666666666667,1.06544843483376
"1981","SPRING",2,3.12857311940529,"HERRING","ATLANTIC HERRING",5,2,0.4,0,0,0,0
"1981","SPRING",2,3.12857311940529,"SAND LANCE","NORTHERN SAND LANCE",1,1,1,0,0,0,0
"1981","SPRING",2,3.12857311940529,"POLLOCK","POLLOCK",4,4,1,0,0,0,0
"1981","SPRING",2,3.12857311940529,"HAKE","RED HAKE",46,24,0.521739130434783,0,0,0,0
"1981","SPRING",2,3.12857311940529,"HAKE","SILVER HAKE",181,34,0.187845303867403,0.205882352941176,37.2647058823529,18.6323529411765,11.911086767068
"1981","SPRING",2,3.12857311940529,"HAKE","WHITE HAKE",12,11,0.916666666666667,0,0,0,0
"1982","FALL",5,8.75,"HERRING","ALEWIFE",46,9,0.195652173913043,0.333333333333333,15.3333333333333,3.06666666666667,1.75238095238095
"1982","FALL",5,8.75,"HERRING","ATLANTIC HERRING",1,1,1,0,0,0,0
"1982","FALL",5,8.75,"MACKEREL","ATLANTIC MACKEREL",26,13,0.5,0,0,0,0
"1982","FALL",5,8.75,"BUTTERFISH","BUTTERFISH",43,12,0.27906976744186,0.416666666666667,17.9166666666667,3.58333333333333,2.04761904761905
"1982","FALL",5,8.75,"POLLOCK","POLLOCK",8,8,1,0,0,0,0
"1982","FALL",5,8.75,"HAKE","RED HAKE",10,10,1,0,0,0,0
"1982","FALL",5,8.75,"HAKE","SILVER HAKE",478,97,0.202928870292887,0.34020618556701,162.618556701031,32.5237113402062,18.5849779086893
"1982","FALL",5,8.75,"HAKE","WHITE HAKE",71,26,0.366197183098592,0.115384615384615,8.19230769230769,1.63846153846154,0.936263736263736
"1982","SPRING",7,12.25,"HERRING","ALEWIFE",4,4,1,0,0,0,0
"1982","SPRING",7,12.25,"HERRING","ATLANTIC HERRING",1,1,1,0,0,0,0
"1982","SPRING",7,12.25,"SAND LANCE","NORTHERN SAND LANCE",3,3,1,0.333333333333333,1,0.142857142857143,0.0816326530612245
"1982","SPRING",7,12.25,"POLLOCK","POLLOCK",3,3,1,0,0,0,0
"1982","SPRING",7,12.25,"HAKE","RED HAKE",120,58,0.483333333333333,0.0344827586206897,4.13793103448276,0.591133004926108,0.337790288529205
"1982","SPRING",7,12.25,"HAKE","SILVER HAKE",261,104,0.398467432950192,0.336538461538462,87.8365384615385,12.5480769230769,7.17032967032967
"1982","SPRING",7,12.25,"HAKE","WHITE HAKE",31,28,0.903225806451613,0,0,0,0
"1983","FALL",6,10.5,"HERRING","ALEWIFE",87,9,0.103448275862069,0.333333333333333,29,4.83333333333333,2.76190476190476
"1983","FALL",6,10.5,"HERRING","ATLANTIC HERRING",8,8,1,0.25,2,0.333333333333333,0.19047619047619
"1983","FALL",6,10.5,"MACKEREL","ATLANTIC MACKEREL",25,11,0.44,0,0,0,0
"1983","FALL",6,10.5,"BUTTERFISH","BUTTERFISH",229,14,0.0611353711790393,0.785714285714286,179.928571428571,29.9880952380952,17.1360544217687
"1983","FALL",6,10.5,"POLLOCK","POLLOCK",14,13,0.928571428571429,0,0,0,0
"1983","FALL",6,10.5,"HAKE","RED HAKE",127,56,0.440944881889764,0,0,0,0
"1983","FALL",6,10.5,"HAKE","SILVER HAKE",856,101,0.117990654205607,0.158415841584158,135.60396039604,22.6006600660066,12.9146628948609
"1983","FALL",6,10.5,"HAKE","WHITE HAKE",173,95,0.549132947976879,0,0,0,0
"1983","SPRING",6,9.85833333333333,"HERRING","ALEWIFE",30,11,0.366666666666667,0.0909090909090909,2.72727272727273,0.454545454545455,0.276646430492584
"1983","SPRING",6,9.85833333333333,"HERRING","ATLANTIC HERRING",9,8,0.888888888888889,0,0,0,0
"1983","SPRING",6,9.85833333333333,"SAND LANCE","NORTHERN SAND LANCE",14,10,0.714285714285714,0.5,7,1.16666666666667,0.710059171597633
"1983","SPRING",6,9.85833333333333,"POLLOCK","POLLOCK",14,12,0.857142857142857,0,0,0,0
"1983","SPRING",6,9.85833333333333,"HAKE","RED HAKE",45,36,0.8,0.0277777777777778,1.25,0.208333333333333,0.126796280642434
"1983","SPRING",6,9.85833333333333,"HAKE","SILVER HAKE",90,45,0.5,0,0,0,0
"1983","SPRING",6,9.85833333333333,"HAKE","WHITE HAKE",25,16,0.64,0,0,0,0
"1984","FALL",5,8.75,"HERRING","ATLANTIC HERRING",4,4,1,0,0,0,0
"1984","FALL",5,8.75,"POLLOCK","POLLOCK",3,3,1,0.333333333333333,1,0.2,0.114285714285714
"1984","FALL",5,8.75,"HAKE","RED HAKE",141,59,0.418439716312057,0,0,0,0
"1984","FALL",5,8.75,"HAKE","SILVER HAKE",120,45,0.375,0.133333333333333,16,3.2,1.82857142857143
"1984","FALL",5,8.75,"HAKE","WHITE HAKE",25,23,0.92,0,0,0,0
"1984","SPRING",3,5.25,"HERRING","ALEWIFE",75,10,0.133333333333333,0.8,60,20,11.4285714285714
"1984","SPRING",3,5.25,"HERRING","ATLANTIC HERRING",4,3,0.75,0,0,0,0
"1984","SPRING",3,5.25,"HERRING","BLUEBACK HERRING",11,7,0.636363636363636,1,11,3.66666666666667,2.0952380952381
"1984","SPRING",3,5.25,"POLLOCK","POLLOCK",2,2,1,0,0,0,0
"1984","SPRING",3,5.25,"HAKE","RED HAKE",24,17,0.708333333333333,0,0,0,0
"1984","SPRING",3,5.25,"HAKE","SILVER HAKE",36,21,0.583333333333333,0.142857142857143,5.14285714285714,1.71428571428571,0.979591836734694
"1984","SPRING",3,5.25,"HAKE","WHITE HAKE",2,2,1,0,0,0,0
"1985","FALL",5,8.75,"HERRING","ALEWIFE",245,19,0.0775510204081633,0.105263157894737,25.7894736842105,5.1578947368421,2.94736842105263
"1985","FALL",5,8.75,"HERRING","ATLANTIC HERRING",18,14,0.777777777777778,0.357142857142857,6.42857142857143,1.28571428571429,0.73469387755102
"1985","FALL",5,8.75,"MACKEREL","ATLANTIC MACKEREL",33,15,0.454545454545455,0,0,0,0
"1985","FALL",5,8.75,"BUTTERFISH","BUTTERFISH",117,11,0.094017094017094,0.818181818181818,95.7272727272727,19.1454545454545,10.9402597402597
"1985","FALL",5,8.75,"POLLOCK","POLLOCK",26,11,0.423076923076923,0,0,0,0
"1985","FALL",5,8.75,"HAKE","RED HAKE",74,38,0.513513513513513,0,0,0,0
"1985","FALL",5,8.75,"HAKE","SILVER HAKE",216,72,0.333333333333333,0.361111111111111,78,15.6,8.91428571428571
"1985","FALL",5,8.75,"HAKE","WHITE HAKE",5,5,1,0,0,0,0
"1985","SPRING",7,12.25,"HERRING","ALEWIFE",36,23,0.638888888888889,0.478260869565217,17.2173913043478,2.45962732919255,1.40550133096717
"1985","SPRING",7,12.25,"HERRING","BLUEBACK HERRING",3,3,1,1,3,0.428571428571429,0.244897959183673
"1985","SPRING",7,12.25,"HAKE","RED HAKE",32,28,0.875,0,0,0,0
"1985","SPRING",7,12.25,"HAKE","SILVER HAKE",88,62,0.704545454545455,0.306451612903226,26.9677419354839,3.85253456221198,2.20144832126399
"1985","SPRING",7,12.25,"HAKE","WHITE HAKE",1,1,1,0,0,0,0
"1986","FALL",4,7,"HERRING","ALEWIFE",47,8,0.170212765957447,0.125,5.875,1.46875,0.839285714285714
"1986","FALL",4,7,"HERRING","ATLANTIC HERRING",14,5,0.357142857142857,0,0,0,0
"1986","FALL",4,7,"MACKEREL","ATLANTIC MACKEREL",32,14,0.4375,0,0,0,0
"1986","FALL",4,7,"HERRING","BLUEBACK HERRING",1,1,1,0,0,0,0
"1986","FALL",4,7,"BUTTERFISH","BUTTERFISH",154,11,0.0714285714285714,0.727272727272727,112,28,16
"1986","FALL",4,7,"POLLOCK","POLLOCK",2,2,1,0,0,0,0
"1986","FALL",4,7,"HAKE","RED HAKE",62,42,0.67741935483871,0,0,0,0
"1986","FALL",4,7,"HAKE","SILVER HAKE",256,60,0.234375,0.266666666666667,68.2666666666667,17.0666666666667,9.75238095238095
"1986","FALL",4,7,"HAKE","WHITE HAKE",100,40,0.4,0.05,5,1.25,0.714285714285714
"1986","SPRING",3,5.25,"HERRING","ALEWIFE",29,12,0.413793103448276,0.5,14.5,4.83333333333333,2.76190476190476
"1986","SPRING",3,5.25,"HERRING","ATLANTIC HERRING",63,14,0.222222222222222,0,0,0,0
"1986","SPRING",3,5.25,"HAKE","RED HAKE",39,16,0.41025641025641,0,0,0,0
"1986","SPRING",3,5.25,"HAKE","SILVER HAKE",56,24,0.428571428571429,0.625,35,11.6666666666667,6.66666666666667
"1986","SPRING",3,5.25,"HAKE","WHITE HAKE",33,21,0.636363636363636,0,0,0,0
"1987","FALL",8,13.1833333333333,"HERRING","ATLANTIC HERRING",53,22,0.415094339622642,0.0909090909090909,4.81818181818182,0.602272727272727,0.36547523273187
"1987","FALL",8,13.1833333333333,"MACKEREL","ATLANTIC MACKEREL",123,8,0.0650406504065041,0.375,46.125,5.765625,3.49873577749684
"1987","FALL",8,13.1833333333333,"HERRING","BLUEBACK HERRING",1,1,1,0,0,0,0
"1987","FALL",8,13.1833333333333,"POLLOCK","POLLOCK",17,13,0.764705882352941,0.153846153846154,2.61538461538462,0.326923076923077,0.198385685111349
"1987","FALL",8,13.1833333333333,"HAKE","RED HAKE",91,48,0.527472527472527,0,0,0,0
"1987","FALL",8,13.1833333333333,"HAKE","SILVER HAKE",268,97,0.361940298507463,0.0515463917525773,13.8144329896907,1.72680412371134,1.04787102323823
"1987","FALL",8,13.1833333333333,"HAKE","WHITE HAKE",38,30,0.789473684210526,0.1,3.8,0.475,0.288242730720607
"1987","SPRING",7,12.25,"HERRING","ALEWIFE",42,19,0.452380952380952,0.421052631578947,17.6842105263158,2.52631578947368,1.44360902255639
"1987","SPRING",7,12.25,"HERRING","ATLANTIC HERRING",133,18,0.135338345864662,0,0,0,0
"1987","SPRING",7,12.25,"HERRING","BLUEBACK HERRING",2,2,1,1,2,0.285714285714286,0.163265306122449
"1987","SPRING",7,12.25,"POLLOCK","POLLOCK",112,23,0.205357142857143,0,0,0,0
"1987","SPRING",7,12.25,"HAKE","RED HAKE",28,22,0.785714285714286,0,0,0,0
"1987","SPRING",7,12.25,"HAKE","SILVER HAKE",144,53,0.368055555555556,0.132075471698113,19.0188679245283,2.71698113207547,1.55256064690027
"1987","SPRING",7,12.25,"HAKE","WHITE HAKE",11,10,0.909090909090909,0,0,0,0
"1988","FALL",6,10.5,"HERRING","ATLANTIC HERRING",58,24,0.413793103448276,0.0416666666666667,2.41666666666667,0.402777777777778,0.23015873015873
"1988","FALL",6,10.5,"MACKEREL","ATLANTIC MACKEREL",1,1,1,1,1,0.166666666666667,0.0952380952380952
"1988","FALL",6,10.5,"POLLOCK","POLLOCK",30,18,0.6,0,0,0,0
"1988","FALL",6,10.5,"HAKE","RED HAKE",89,52,0.584269662921348,0.0192307692307692,1.71153846153846,0.28525641025641,0.163003663003663
"1988","FALL",6,10.5,"HAKE","SILVER HAKE",257,60,0.233463035019455,0.583333333333333,149.916666666667,24.9861111111111,14.2777777777778
"1988","FALL",6,10.5,"HAKE","WHITE HAKE",15,14,0.933333333333333,0,0,0,0
"1988","SPRING",7,12.25,"HERRING","ALEWIFE",30,21,0.7,0.857142857142857,25.7142857142857,3.6734693877551,2.09912536443149
"1988","SPRING",7,12.25,"HERRING","ATLANTIC HERRING",27,16,0.592592592592593,0,0,0,0
"1988","SPRING",7,12.25,"HERRING","BLUEBACK HERRING",3,3,1,1,3,0.428571428571429,0.244897959183673
"1988","SPRING",7,12.25,"SAND LANCE","NORTHERN SAND LANCE",4,2,0.5,0.5,2,0.285714285714286,0.163265306122449
"1988","SPRING",7,12.25,"POLLOCK","POLLOCK",16,8,0.5,0,0,0,0
"1988","SPRING",7,12.25,"HAKE","RED HAKE",92,46,0.5,0,0,0,0
"1988","SPRING",7,12.25,"HAKE","SILVER HAKE",106,45,0.424528301886792,0.0444444444444444,4.71111111111111,0.673015873015873,0.384580498866213
"1988","SPRING",7,12.25,"HAKE","WHITE HAKE",30,24,0.8,0,0,0,0
"1989","FALL",3,4.8125,"HERRING","ALEWIFE",4,3,0.75,0,0,0,0
"1989","FALL",3,4.8125,"HERRING","ATLANTIC HERRING",47,16,0.340425531914894,0,0,0,0
"1989","FALL",3,4.8125,"HERRING","BLUEBACK HERRING",2,2,1,0,0,0,0
"1989","FALL",3,4.8125,"POLLOCK","POLLOCK",26,7,0.269230769230769,0,0,0,0
"1989","FALL",3,4.8125,"HAKE","RED HAKE",26,22,0.846153846153846,0,0,0,0
"1989","FALL",3,4.8125,"HAKE","SILVER HAKE",140,32,0.228571428571429,0.25,35,11.6666666666667,7.27272727272727
"1989","FALL",3,4.8125,"HAKE","WHITE HAKE",21,18,0.857142857142857,0,0,0,0
"1989","SPRING",4,6.70833333333333,"HERRING","ALEWIFE",51,19,0.372549019607843,0.789473684210526,40.2631578947368,10.0657894736842,6.00196142530239
"1989","SPRING",4,6.70833333333333,"HERRING","ATLANTIC HERRING",2104,20,0.00950570342205323,0,0,0,0
"1989","SPRING",4,6.70833333333333,"HERRING","BLUEBACK HERRING",4,2,0.5,1,4,1,0.596273291925466
"1989","SPRING",4,6.70833333333333,"POLLOCK","POLLOCK",6,5,0.833333333333333,0,0,0,0
"1989","SPRING",4,6.70833333333333,"HAKE","RED HAKE",27,14,0.518518518518518,0,0,0,0
"1989","SPRING",4,6.70833333333333,"HAKE","SILVER HAKE",402,19,0.0472636815920398,0.315789473684211,126.947368421053,31.7368421052632,18.923831317424
"1989","SPRING",4,6.70833333333333,"HAKE","WHITE HAKE",6,6,1,0,0,0,0
"1990","FALL",6,10.5,"HERRING","ATLANTIC HERRING",233,28,0.120171673819742,0,0,0,0
"1990","FALL",6,10.5,"BUTTERFISH","BUTTERFISH",2,2,1,1,2,0.333333333333333,0.19047619047619
"1990","FALL",6,10.5,"POLLOCK","POLLOCK",10,7,0.7,0,0,0,0
"1990","FALL",6,10.5,"HAKE","RED HAKE",155,61,0.393548387096774,0,0,0,0
"1990","FALL",6,10.5,"HAKE","SILVER HAKE",238,80,0.336134453781513,0.2375,56.525,9.42083333333333,5.38333333333333
"1990","FALL",6,10.5,"HAKE","WHITE HAKE",55,38,0.690909090909091,0.157894736842105,8.68421052631579,1.44736842105263,0.827067669172932
"1990","SPRING",4,6.79583333333333,"HERRING","ALEWIFE",10,8,0.8,0.75,7.5,1.875,1.10361741263029
"1990","SPRING",4,6.79583333333333,"HERRING","ATLANTIC HERRING",194,17,0.0876288659793814,0,0,0,0
"1990","SPRING",4,6.79583333333333,"SAND LANCE","NORTHERN SAND LANCE",17,4,0.235294117647059,0.75,12.75,3.1875,1.87614960147149
"1990","SPRING",4,6.79583333333333,"POLLOCK","POLLOCK",2,2,1,0,0,0,0
"1990","SPRING",4,6.79583333333333,"HAKE","RED HAKE",8,7,0.875,0.142857142857143,1.14285714285714,0.285714285714286,0.168170272400806
"1990","SPRING",4,6.79583333333333,"HAKE","SILVER HAKE",130,28,0.215384615384615,0.357142857142857,46.4285714285714,11.6071428571429,6.83191731628274
"1990","SPRING",4,6.79583333333333,"HAKE","WHITE HAKE",5,5,1,0,0,0,0
"1991","FALL",8,14,"HERRING","ALEWIFE",152,20,0.131578947368421,0.2,30.4,3.8,2.17142857142857
"1991","FALL",8,14,"HERRING","ATLANTIC HERRING",231,42,0.181818181818182,0,0,0,0
"1991","FALL",8,14,"MACKEREL","ATLANTIC MACKEREL",20,11,0.55,0,0,0,0
"1991","FALL",8,14,"HERRING","BLUEBACK HERRING",1,1,1,1,1,0.125,0.0714285714285714
"1991","FALL",8,14,"BUTTERFISH","BUTTERFISH",16,9,0.5625,0.888888888888889,14.2222222222222,1.77777777777778,1.01587301587302
"1991","FALL",8,14,"POLLOCK","POLLOCK",1,1,1,1,1,0.125,0.0714285714285714
"1991","FALL",8,14,"HAKE","RED HAKE",259,96,0.370656370656371,0.09375,24.28125,3.03515625,1.734375
"1991","FALL",8,14,"HAKE","SILVER HAKE",269,118,0.438661710037175,0.38135593220339,102.584745762712,12.823093220339,7.3274818401937
"1991","FALL",8,14,"HAKE","WHITE HAKE",63,39,0.619047619047619,0.0512820512820513,3.23076923076923,0.403846153846154,0.230769230769231
"1991","SPRING",9,15.75,"HERRING","ALEWIFE",159,30,0.188679245283019,0.8,127.2,14.1333333333333,8.07619047619048
"1991","SPRING",9,15.75,"HERRING","ATLANTIC HERRING",137,51,0.372262773722628,0.156862745098039,21.4901960784314,2.38779956427015,1.36445689386866
"1991","SPRING",9,15.75,"HERRING","BLUEBACK HERRING",90,17,0.188888888888889,1,90,10,5.71428571428571
"1991","SPRING",9,15.75,"SAND LANCE","NORTHERN SAND LANCE",2,2,1,0.5,1,0.111111111111111,0.0634920634920635
"1991","SPRING",9,15.75,"POLLOCK","POLLOCK",17,12,0.705882352941177,0.0833333333333333,1.41666666666667,0.157407407407407,0.0899470899470899
"1991","SPRING",9,15.75,"HAKE","RED HAKE",46,35,0.760869565217391,0.228571428571429,10.5142857142857,1.16825396825397,0.667573696145125
"1991","SPRING",9,15.75,"HAKE","SILVER HAKE",434,74,0.170506912442396,0.648648648648649,281.513513513514,31.2792792792793,17.8738738738739
"1991","SPRING",9,15.75,"HAKE","WHITE HAKE",4,4,1,0,0,0,0
"1992","FALL",10,17.2083333333333,"HERRING","ALEWIFE",461,26,0.0563991323210412,0.153846153846154,70.9230769230769,7.09230769230769,4.12143788414975
"1992","FALL",10,17.2083333333333,"HERRING","ATLANTIC HERRING",432,79,0.18287037037037,0,0,0,0
"1992","FALL",10,17.2083333333333,"MACKEREL","ATLANTIC MACKEREL",211,20,0.0947867298578199,0,0,0,0
"1992","FALL",10,17.2083333333333,"BUTTERFISH","BUTTERFISH",29,12,0.413793103448276,0.916666666666667,26.5833333333333,2.65833333333333,1.54479418886199
"1992","FALL",10,17.2083333333333,"POLLOCK","POLLOCK",47,14,0.297872340425532,0,0,0,0
"1992","FALL",10,17.2083333333333,"HAKE","RED HAKE",111,70,0.630630630630631,0,0,0,0
"1992","FALL",10,17.2083333333333,"HAKE","SILVER HAKE",519,149,0.287090558766859,0.422818791946309,219.442953020134,21.9442953020134,12.7521328631555
"1992","FALL",10,17.2083333333333,"HAKE","WHITE HAKE",50,37,0.74,0,0,0,0
"1992","SPRING",6,10.5,"HERRING","ALEWIFE",103,10,0.0970873786407767,0.8,82.4,13.7333333333333,7.84761904761905
"1992","SPRING",6,10.5,"HERRING","ATLANTIC HERRING",335,37,0.11044776119403,0.027027027027027,9.05405405405405,1.50900900900901,0.862290862290862
"1992","SPRING",6,10.5,"HERRING","BLUEBACK HERRING",5,5,1,1,5,0.833333333333333,0.476190476190476
"1992","SPRING",6,10.5,"SAND LANCE","NORTHERN SAND LANCE",13,5,0.384615384615385,0.6,7.8,1.3,0.742857142857143
"1992","SPRING",6,10.5,"POLLOCK","POLLOCK",79,12,0.151898734177215,0,0,0,0
"1992","SPRING",6,10.5,"HAKE","RED HAKE",31,26,0.838709677419355,0.192307692307692,5.96153846153846,0.993589743589744,0.567765567765568
"1992","SPRING",6,10.5,"HAKE","SILVER HAKE",439,71,0.161731207289294,0.323943661971831,142.211267605634,23.7018779342723,13.5439302481556
"1992","SPRING",6,10.5,"HAKE","WHITE HAKE",3,3,1,0,0,0,0
"1993","FALL",5,8.75,"HERRING","ALEWIFE",348,11,0.0316091954022989,0.0909090909090909,31.6363636363636,6.32727272727273,3.61558441558442
"1993","FALL",5,8.75,"HERRING","ATLANTIC HERRING",1252,46,0.036741214057508,0,0,0,0
"1993","FALL",5,8.75,"MACKEREL","ATLANTIC MACKEREL",22,7,0.318181818181818,0,0,0,0
"1993","FALL",5,8.75,"HERRING","BLUEBACK HERRING",3,3,1,0.333333333333333,1,0.2,0.114285714285714
"1993","FALL",5,8.75,"POLLOCK","POLLOCK",5,4,0.8,0,0,0,0
"1993","FALL",5,8.75,"HAKE","RED HAKE",65,43,0.661538461538462,0.0465116279069767,3.02325581395349,0.604651162790698,0.345514950166113
"1993","FALL",5,8.75,"HAKE","SILVER HAKE",236,66,0.279661016949153,0.333333333333333,78.6666666666667,15.7333333333333,8.99047619047619
"1993","FALL",5,8.75,"HAKE","WHITE HAKE",19,17,0.894736842105263,0.0588235294117647,1.11764705882353,0.223529411764706,0.127731092436975
"1993","SPRING",6,10.2083333333333,"HERRING","ALEWIFE",49,22,0.448979591836735,0.772727272727273,37.8636363636364,6.31060606060606,3.70909090909091
"1993","SPRING",6,10.2083333333333,"HERRING","ATLANTIC HERRING",726,36,0.0495867768595041,0.277777777777778,201.666666666667,33.6111111111111,19.7551020408163
"1993","SPRING",6,10.2083333333333,"HERRING","BLUEBACK HERRING",79,20,0.253164556962025,0.75,59.25,9.875,5.80408163265306
"1993","SPRING",6,10.2083333333333,"POLLOCK","POLLOCK",84,19,0.226190476190476,0.105263157894737,8.84210526315789,1.47368421052632,0.866165413533834
"1993","SPRING",6,10.2083333333333,"HAKE","RED HAKE",18,14,0.777777777777778,0,0,0,0
"1993","SPRING",6,10.2083333333333,"HAKE","SILVER HAKE",94,28,0.297872340425532,0.285714285714286,26.8571428571429,4.47619047619048,2.63090379008746
"1993","SPRING",6,10.2083333333333,"HAKE","WHITE HAKE",2,2,1,0,0,0,0
"1994","FALL",5,8.51666666666667,"HERRING","ALEWIFE",249,18,0.072289156626506,0.333333333333333,83,16.6,9.74559686888454
"1994","FALL",5,8.51666666666667,"HERRING","ATLANTIC HERRING",51,8,0.156862745098039,0.5,25.5,5.1,2.99412915851272
"1994","FALL",5,8.51666666666667,"MACKEREL","ATLANTIC MACKEREL",83,22,0.265060240963855,0,0,0,0
"1994","FALL",5,8.51666666666667,"HERRING","BLUEBACK HERRING",336,10,0.0297619047619048,0.6,201.6,40.32,23.6712328767123
"1994","FALL",5,8.51666666666667,"BUTTERFISH","BUTTERFISH",1325,15,0.0113207547169811,1,1325,265,155.577299412916
"1994","FALL",5,8.51666666666667,"HAKE","RED HAKE",284,40,0.140845070422535,0.2,56.8,11.36,6.6692759295499
"1994","FALL",5,8.51666666666667,"HAKE","SILVER HAKE",183,48,0.262295081967213,0.354166666666667,64.8125,12.9625,7.6100782778865
"1994","FALL",5,8.51666666666667,"HAKE","WHITE HAKE",38,25,0.657894736842105,0,0,0,0
"1994","SPRING",9,15.75,"HERRING","ALEWIFE",213,40,0.187793427230047,0.75,159.75,17.75,10.1428571428571
"1994","SPRING",9,15.75,"HERRING","ATLANTIC HERRING",45,24,0.533333333333333,0.125,5.625,0.625,0.357142857142857
"1994","SPRING",9,15.75,"HERRING","BLUEBACK HERRING",93,35,0.376344086021505,0.971428571428571,90.3428571428571,10.0380952380952,5.73605442176871
"1994","SPRING",9,15.75,"POLLOCK","POLLOCK",10,7,0.7,0,0,0,0
"1994","SPRING",9,15.75,"HAKE","RED HAKE",74,40,0.540540540540541,0,0,0,0
"1994","SPRING",9,15.75,"HAKE","SILVER HAKE",401,61,0.15211970074813,0.377049180327869,151.196721311475,16.799635701275,9.59979182930002
"1994","SPRING",9,15.75,"HAKE","WHITE HAKE",16,13,0.8125,0,0,0,0
"1995","FALL",5,8.75,"HERRING","ALEWIFE",1318,18,0.0136570561456753,0,0,0,0
"1995","FALL",5,8.75,"HERRING","ATLANTIC HERRING",1602,39,0.0243445692883895,0.0769230769230769,123.230769230769,24.6461538461538,14.0835164835165
"1995","FALL",5,8.75,"MACKEREL","ATLANTIC MACKEREL",148,6,0.0405405405405405,0.333333333333333,49.3333333333333,9.86666666666667,5.63809523809524
"1995","FALL",5,8.75,"HERRING","BLUEBACK HERRING",107,6,0.0560747663551402,0,0,0,0
"1995","FALL",5,8.75,"BUTTERFISH","BUTTERFISH",804,22,0.027363184079602,0.863636363636364,694.363636363636,138.872727272727,79.3558441558442
"1995","FALL",5,8.75,"POLLOCK","POLLOCK",9,8,0.888888888888889,0,0,0,0
"1995","FALL",5,8.75,"HAKE","RED HAKE",119,50,0.420168067226891,0.06,7.14,1.428,0.816
"1995","FALL",5,8.75,"HAKE","SILVER HAKE",417,75,0.179856115107914,0.213333333333333,88.96,17.792,10.1668571428571
"1995","FALL",5,8.75,"HAKE","WHITE HAKE",34,27,0.794117647058823,0,0,0,0
"1995","SPRING",4,6.88333333333333,"HERRING","ALEWIFE",36,16,0.444444444444444,0.6875,24.75,6.1875,3.5956416464891
"1995","SPRING",4,6.88333333333333,"HERRING","ATLANTIC HERRING",59,14,0.23728813559322,0,0,0,0
"1995","SPRING",4,6.88333333333333,"HERRING","BLUEBACK HERRING",1,1,1,1,1,0.25,0.145278450363196
"1995","SPRING",4,6.88333333333333,"POLLOCK","POLLOCK",1,1,1,0,0,0,0
"1995","SPRING",4,6.88333333333333,"HAKE","RED HAKE",42,26,0.619047619047619,0.0769230769230769,3.23076923076923,0.807692307692308,0.469361147327249
"1995","SPRING",4,6.88333333333333,"HAKE","SILVER HAKE",201,34,0.169154228855721,0.411764705882353,82.7647058823529,20.6911764705882,12.0239282153539
"1995","SPRING",4,6.88333333333333,"HAKE","WHITE HAKE",4,4,1,0,0,0,0
"1996","FALL",2,3.5,"HERRING","ALEWIFE",2,1,0.5,0,0,0,0
"1996","FALL",2,3.5,"HERRING","ATLANTIC HERRING",1,1,1,0,0,0,0
"1996","FALL",2,3.5,"MACKEREL","ATLANTIC MACKEREL",1,1,1,0,0,0,0
"1996","FALL",2,3.5,"POLLOCK","POLLOCK",12,7,0.583333333333333,0,0,0,0
"1996","FALL",2,3.5,"HAKE","RED HAKE",12,10,0.833333333333333,0.2,2.4,1.2,0.685714285714286
"1996","FALL",2,3.5,"HAKE","SILVER HAKE",51,12,0.235294117647059,0.416666666666667,21.25,10.625,6.07142857142857
"1996","FALL",2,3.5,"HAKE","WHITE HAKE",6,5,0.833333333333333,0.2,1.2,0.6,0.342857142857143
"1996","SPRING",10,17.5,"HERRING","ALEWIFE",59,26,0.440677966101695,0.615384615384615,36.3076923076923,3.63076923076923,2.07472527472527
"1996","SPRING",10,17.5,"HERRING","ATLANTIC HERRING",25,14,0.56,0.571428571428571,14.2857142857143,1.42857142857143,0.816326530612245
"1996","SPRING",10,17.5,"HERRING","BLUEBACK HERRING",45,19,0.422222222222222,0.894736842105263,40.2631578947368,4.02631578947368,2.30075187969925
"1996","SPRING",10,17.5,"SAND LANCE","NORTHERN SAND LANCE",262,19,0.0725190839694656,0.368421052631579,96.5263157894737,9.65263157894737,5.51578947368421
"1996","SPRING",10,17.5,"POLLOCK","POLLOCK",2,2,1,0,0,0,0
"1996","SPRING",10,17.5,"HAKE","RED HAKE",127,59,0.464566929133858,0.11864406779661,15.0677966101695,1.50677966101695,0.861016949152542
"1996","SPRING",10,17.5,"HAKE","SILVER HAKE",412,51,0.12378640776699,0.333333333333333,137.333333333333,13.7333333333333,7.84761904761905
"1996","SPRING",10,17.5,"HAKE","WHITE HAKE",17,15,0.882352941176471,0,0,0,0
"1997","FALL",4,7.6,"HERRING","ALEWIFE",23,9,0.391304347826087,0.111111111111111,2.55555555555556,0.638888888888889,0.33625730994152
"1997","FALL",4,7.6,"HERRING","ATLANTIC HERRING",557,40,0.0718132854578097,0,0,0,0
"1997","FALL",4,7.6,"HERRING","BLUEBACK HERRING",16,5,0.3125,0,0,0,0
"1997","FALL",4,7.6,"BUTTERFISH","BUTTERFISH",12,8,0.666666666666667,1,12,3,1.57894736842105
"1997","FALL",4,7.6,"HAKE","RED HAKE",83,37,0.44578313253012,0,0,0,0
"1997","FALL",4,7.6,"HAKE","SILVER HAKE",211,50,0.23696682464455,0.42,88.62,22.155,11.6605263157895
"1997","FALL",4,7.6,"HAKE","WHITE HAKE",7,6,0.857142857142857,0,0,0,0
"1997","SPRING",8,15.2,"HERRING","ALEWIFE",64,24,0.375,0.416666666666667,26.6666666666667,3.33333333333333,1.75438596491228
"1997","SPRING",8,15.2,"HERRING","ATLANTIC HERRING",43,15,0.348837209302326,0.2,8.6,1.075,0.565789473684211
"1997","SPRING",8,15.2,"HERRING","BLUEBACK HERRING",28,10,0.357142857142857,0.7,19.6,2.45,1.28947368421053
"1997","SPRING",8,15.2,"POLLOCK","POLLOCK",2,2,1,0,0,0,0
"1997","SPRING",8,15.2,"HAKE","RED HAKE",234,69,0.294871794871795,0.0289855072463768,6.78260869565217,0.847826086956522,0.446224256292906
"1997","SPRING",8,15.2,"HAKE","SILVER HAKE",197,57,0.289340101522843,0.175438596491228,34.5614035087719,4.32017543859649,2.27377654662973
"1997","SPRING",8,15.2,"HAKE","WHITE HAKE",3,2,0.666666666666667,0,0,0,0
"1998","FALL",7,13.3,"HERRING","ALEWIFE",164,28,0.170731707317073,0.142857142857143,23.4285714285714,3.3469387755102,1.76154672395274
"1998","FALL",7,13.3,"HERRING","ATLANTIC HERRING",534,45,0.0842696629213483,0,0,0,0
"1998","FALL",7,13.3,"MACKEREL","ATLANTIC MACKEREL",17,10,0.588235294117647,0,0,0,0
"1998","FALL",7,13.3,"HERRING","BLUEBACK HERRING",1,1,1,0,0,0,0
"1998","FALL",7,13.3,"BUTTERFISH","BUTTERFISH",28,16,0.571428571428571,0.875,24.5,3.5,1.84210526315789
"1998","FALL",7,13.3,"POLLOCK","POLLOCK",279,25,0.0896057347670251,0,0,0,0
"1998","FALL",7,13.3,"HAKE","RED HAKE",172,101,0.587209302325581,0.0792079207920792,13.6237623762376,1.94625176803395,1.02434303580734
"1998","FALL",7,13.3,"HAKE","SILVER HAKE",443,133,0.300225733634311,0.443609022556391,196.518796992481,28.0741138560687,14.7758493979309
"1998","FALL",7,13.3,"HAKE","WHITE HAKE",30,22,0.733333333333333,0.0454545454545455,1.36363636363636,0.194805194805195,0.102529049897471
"1998","SPRING",7,12.9516666666667,"HERRING","ALEWIFE",308,33,0.107142857142857,0.666666666666667,205.333333333333,29.3333333333333,15.8538154677648
"1998","SPRING",7,12.9516666666667,"HERRING","ATLANTIC HERRING",1713,32,0.0186806771745476,0.1875,321.1875,45.8839285714286,24.798931926393
"1998","SPRING",7,12.9516666666667,"HERRING","BLUEBACK HERRING",63,18,0.285714285714286,0.722222222222222,45.5,6.5,3.51306138206151
"1998","SPRING",7,12.9516666666667,"SAND LANCE","NORTHERN SAND LANCE",8,4,0.5,0.25,2,0.285714285714286,0.154420280530176
"1998","SPRING",7,12.9516666666667,"POLLOCK","POLLOCK",19,7,0.368421052631579,0,0,0,0
"1998","SPRING",7,12.9516666666667,"HAKE","RED HAKE",33,24,0.727272727272727,0.208333333333333,6.875,0.982142857142857,0.530819714322481
"1998","SPRING",7,12.9516666666667,"HAKE","SILVER HAKE",228,34,0.149122807017544,0.558823529411765,127.411764705882,18.2016806722689,9.83748022436358
"1998","SPRING",7,12.9516666666667,"HAKE","WHITE HAKE",2,2,1,0,0,0,0
"1999","FALL",8,15.2,"HERRING","ALEWIFE",1,1,1,0,0,0,0
"1999","FALL",8,15.2,"HERRING","ATLANTIC HERRING",432,54,0.125,0,0,0,0
"1999","FALL",8,15.2,"HERRING","BLUEBACK HERRING",1,1,1,0,0,0,0
"1999","FALL",8,15.2,"BUTTERFISH","BUTTERFISH",5,5,1,1,5,0.625,0.328947368421053
"1999","FALL",8,15.2,"POLLOCK","POLLOCK",190,46,0.242105263157895,0.0434782608695652,8.26086956521739,1.03260869565217,0.543478260869565
"1999","FALL",8,15.2,"HAKE","RED HAKE",299,140,0.468227424749164,0.121428571428571,36.3071428571429,4.53839285714286,2.38862781954887
"1999","FALL",8,15.2,"HAKE","SILVER HAKE",1566,150,0.0957854406130268,0.4,626.4,78.3,41.2105263157895
"1999","FALL",8,15.2,"HAKE","WHITE HAKE",21,19,0.904761904761905,0,0,0,0
"1999","SPRING",5,9.5,"HERRING","ATLANTIC HERRING",39,13,0.333333333333333,0.0769230769230769,3,0.6,0.315789473684211
"1999","SPRING",5,9.5,"HERRING","BLUEBACK HERRING",4,4,1,0.25,1,0.2,0.105263157894737
"1999","SPRING",5,9.5,"POLLOCK","POLLOCK",37,10,0.27027027027027,0,0,0,0
"1999","SPRING",5,9.5,"HAKE","RED HAKE",79,37,0.468354430379747,0.108108108108108,8.54054054054054,1.70810810810811,0.89900426742532
"1999","SPRING",5,9.5,"HAKE","SILVER HAKE",397,61,0.153652392947103,0.39344262295082,156.196721311475,31.2393442622951,16.44176013805
"1999","SPRING",5,9.5,"HAKE","WHITE HAKE",1,1,1,0,0,0,0
"2000","FALL",4,7.6,"HERRING","ALEWIFE",3,3,1,0.333333333333333,1,0.25,0.131578947368421
"2000","FALL",4,7.6,"HERRING","ATLANTIC HERRING",10,7,0.7,0,0,0,0
"2000","FALL",4,7.6,"MACKEREL","ATLANTIC MACKEREL",1,1,1,0,0,0,0
"2000","FALL",4,7.6,"BUTTERFISH","BUTTERFISH",1,1,1,1,1,0.25,0.131578947368421
"2000","FALL",4,7.6,"POLLOCK","POLLOCK",4,4,1,0,0,0,0
"2000","FALL",4,7.6,"HAKE","RED HAKE",269,80,0.297397769516729,0.1375,36.9875,9.246875,4.86677631578947
"2000","FALL",4,7.6,"HAKE","SILVER HAKE",175,61,0.348571428571429,0.262295081967213,45.9016393442623,11.4754098360656,6.03968938740293
"2000","FALL",4,7.6,"HAKE","WHITE HAKE",26,23,0.884615384615385,0,0,0,0
"2000","SPRING",4,7.6,"HERRING","ALEWIFE",61,18,0.295081967213115,0.777777777777778,47.4444444444444,11.8611111111111,6.24269005847953
"2000","SPRING",4,7.6,"HERRING","ATLANTIC HERRING",45,20,0.444444444444444,0.1,4.5,1.125,0.592105263157895
"2000","SPRING",4,7.6,"MACKEREL","ATLANTIC MACKEREL",15,10,0.666666666666667,0,0,0,0
"2000","SPRING",4,7.6,"HERRING","BLUEBACK HERRING",5,3,0.6,1,5,1.25,0.657894736842105
"2000","SPRING",4,7.6,"SAND LANCE","NORTHERN SAND LANCE",1,1,1,1,1,0.25,0.131578947368421
"2000","SPRING",4,7.6,"HAKE","RED HAKE",106,53,0.5,0.169811320754717,18,4.5,2.36842105263158
"2000","SPRING",4,7.6,"HAKE","SILVER HAKE",921,67,0.0727470141150923,0.26865671641791,247.432835820896,61.8582089552239,32.5569520816968
"2000","SPRING",4,7.6,"HAKE","WHITE HAKE",6,5,0.833333333333333,0,0,0,0
"2001","FALL",5,9.2378,"HERRING","ALEWIFE",21,15,0.714285714285714,0,0,0,0
"2001","FALL",5,9.2378,"HERRING","ATLANTIC HERRING",111,21,0.189189189189189,0,0,0,0
"2001","FALL",5,9.2378,"HERRING","BLUEBACK HERRING",2,2,1,0,0,0,0
"2001","FALL",5,9.2378,"BUTTERFISH","BUTTERFISH",4,4,1,0.5,2,0.4,0.216501764489381
"2001","FALL",5,9.2378,"POLLOCK","POLLOCK",7,6,0.857142857142857,0.333333333333333,2.33333333333333,0.466666666666667,0.252585391904277
"2001","FALL",5,9.2378,"HAKE","RED HAKE",154,72,0.467532467532468,0.180555555555556,27.8055555555556,5.56111111111111,3.00997592019264
"2001","FALL",5,9.2378,"HAKE","SILVER HAKE",306,89,0.290849673202614,0.426966292134831,130.651685393258,26.1303370786517,14.1431602105759
"2001","FALL",5,9.2378,"HAKE","WHITE HAKE",20,17,0.85,0,0,0,0
"2001","SPRING",8,15.2494,"HERRING","ALEWIFE",131,20,0.152671755725191,0.6,78.6,9.825,5.15430115283224
"2001","SPRING",8,15.2494,"HERRING","ATLANTIC HERRING",204,32,0.156862745098039,0,0,0,0
"2001","SPRING",8,15.2494,"MACKEREL","ATLANTIC MACKEREL",1,1,1,0,0,0,0
"2001","SPRING",8,15.2494,"HERRING","BLUEBACK HERRING",114,14,0.12280701754386,0.642857142857143,73.2857142857143,9.16071428571429,4.80580968993628
"2001","SPRING",8,15.2494,"SAND LANCE","NORTHERN SAND LANCE",16,8,0.5,0.125,2,0.25,0.131152701089879
"2001","SPRING",8,15.2494,"HAKE","RED HAKE",456,79,0.173245614035088,0.0253164556962025,11.5443037974684,1.44303797468354,0.757033312620061
"2001","SPRING",8,15.2494,"HAKE","SILVER HAKE",1936,114,0.0588842975206612,0.166666666666667,322.666666666667,40.3333333333333,21.1593024425005
"2001","SPRING",8,15.2494,"HAKE","WHITE HAKE",18,16,0.888888888888889,0,0,0,0
"2002","FALL",6,11.4221666666667,"HERRING","ALEWIFE",90,14,0.155555555555556,0,0,0,0
"2002","FALL",6,11.4221666666667,"HERRING","ATLANTIC HERRING",11821,40,0.00338380847644023,0.025,295.525,49.2541666666667,25.8729371251806
"2002","FALL",6,11.4221666666667,"HERRING","BLUEBACK HERRING",7,4,0.571428571428571,0,0,0,0
"2002","FALL",6,11.4221666666667,"BUTTERFISH","BUTTERFISH",764,15,0.0196335078534031,0.933333333333333,713.066666666667,118.844444444444,62.4283192038872
"2002","FALL",6,11.4221666666667,"POLLOCK","POLLOCK",8,7,0.875,0,0,0,0
"2002","FALL",6,11.4221666666667,"HAKE","RED HAKE",199,81,0.407035175879397,0.0246913580246914,4.91358024691358,0.818930041152263,0.430179351283053
"2002","FALL",6,11.4221666666667,"HAKE","SILVER HAKE",1112,95,0.085431654676259,0.410526315789474,456.505263157895,76.0842105263158,39.966608479818
"2002","FALL",6,11.4221666666667,"HAKE","WHITE HAKE",14,14,1,0,0,0,0
"2002","SPRING",8,15.2107666666667,"HERRING","ALEWIFE",111,31,0.279279279279279,0.419354838709677,46.5483870967742,5.81854838709677,3.06022622770105
"2002","SPRING",8,15.2107666666667,"HERRING","ATLANTIC HERRING",359,34,0.0947075208913649,0.0294117647058824,10.5588235294118,1.31985294117647,0.694167740574884
"2002","SPRING",8,15.2107666666667,"HERRING","BLUEBACK HERRING",17,9,0.529411764705882,0.222222222222222,3.77777777777778,0.472222222222222,0.24836208854985
"2002","SPRING",8,15.2107666666667,"POLLOCK","POLLOCK",1070,30,0.0280373831775701,0,0,0,0
"2002","SPRING",8,15.2107666666667,"HAKE","RED HAKE",174,86,0.494252873563218,0,0,0,0
"2002","SPRING",8,15.2107666666667,"HAKE","SILVER HAKE",648,130,0.200617283950617,0.146153846153846,94.7076923076923,11.8384615384615,6.22635889321987
"2002","SPRING",8,15.2107666666667,"HAKE","WHITE HAKE",3,3,1,0,0,0,0
"2003","FALL",4,6.97743333333333,"HERRING","ALEWIFE",1,1,1,0,0,0,0
"2003","FALL",4,6.97743333333333,"HERRING","ATLANTIC HERRING",129,20,0.155038759689922,0,0,0,0
"2003","FALL",4,6.97743333333333,"POLLOCK","POLLOCK",3,3,1,0,0,0,0
"2003","FALL",4,6.97743333333333,"HAKE","RED HAKE",84,43,0.511904761904762,0.0232558139534884,1.95348837209302,0.488372093023256,0.279972344953926
"2003","FALL",4,6.97743333333333,"HAKE","SILVER HAKE",276,54,0.195652173913043,0.62962962962963,173.777777777778,43.4444444444444,24.9056880196315
"2003","FALL",4,6.97743333333333,"HAKE","WHITE HAKE",7,6,0.857142857142857,0,0,0,0
"2003","SPRING",8,15.2019,"HERRING","ALEWIFE",811,21,0.0258939580764488,0.619047619047619,502.047619047619,62.7559523809524,33.0253204564968
"2003","SPRING",8,15.2019,"HERRING","ATLANTIC HERRING",2041,38,0.0186183243508084,0.184210526315789,375.973684210526,46.9967105263158,24.7320193009115
"2003","SPRING",8,15.2019,"HERRING","BLUEBACK HERRING",202,13,0.0643564356435644,0.846153846153846,170.923076923077,21.3653846153846,11.2435338295264
"2003","SPRING",8,15.2019,"POLLOCK","POLLOCK",30,13,0.433333333333333,0,0,0,0
"2003","SPRING",8,15.2019,"HAKE","RED HAKE",29,22,0.758620689655172,0.0454545454545455,1.31818181818182,0.164772727272727,0.0867116490821422
"2003","SPRING",8,15.2019,"HAKE","SILVER HAKE",521,82,0.157389635316699,0.414634146341463,216.024390243902,27.0030487804878,14.2103546427685
"2003","SPRING",8,15.2019,"HAKE","WHITE HAKE",5,5,1,0,0,0,0
"2004","FALL",6,11.4076,"HERRING","ALEWIFE",122,28,0.229508196721311,0.0714285714285714,8.71428571428571,1.45238095238095,0.763901759729103
"2004","FALL",6,11.4076,"HERRING","ATLANTIC HERRING",306,39,0.127450980392157,0,0,0,0
"2004","FALL",6,11.4076,"HERRING","BLUEBACK HERRING",7,6,0.857142857142857,0,0,0,0
"2004","FALL",6,11.4076,"BUTTERFISH","BUTTERFISH",8,3,0.375,1,8,1.33333333333333,0.701286861390652
"2004","FALL",6,11.4076,"POLLOCK","POLLOCK",91,39,0.428571428571429,0,0,0,0
"2004","FALL",6,11.4076,"HAKE","RED HAKE",78,42,0.538461538461538,0,0,0,0
"2004","FALL",6,11.4076,"HAKE","SILVER HAKE",628,48,0.0764331210191083,0.333333333333333,209.333333333333,34.8888888888889,18.3503395397221
"2004","FALL",6,11.4076,"HAKE","WHITE HAKE",9,9,1,0,0,0,0
"2004","SPRING",6,10.9224666666667,"HERRING","ALEWIFE",108,32,0.296296296296296,0.625,67.5,11.25,6.1799227280773
"2004","SPRING",6,10.9224666666667,"HERRING","ATLANTIC HERRING",96,11,0.114583333333333,0.363636363636364,34.9090909090909,5.81818181818182,3.19608124926826
"2004","SPRING",6,10.9224666666667,"HERRING","BLUEBACK HERRING",7,4,0.571428571428571,1,7,1.16666666666667,0.640880875504312
"2004","SPRING",6,10.9224666666667,"POLLOCK","POLLOCK",5,5,1,0,0,0,0
"2004","SPRING",6,10.9224666666667,"HAKE","RED HAKE",55,37,0.672727272727273,0.0810810810810811,4.45945945945946,0.743243243243243,0.408283183236338
"2004","SPRING",6,10.9224666666667,"HAKE","SILVER HAKE",172,46,0.267441860465116,0.173913043478261,29.9130434782609,4.98550724637681,2.73867107047805
"2004","SPRING",6,10.9224666666667,"HAKE","WHITE HAKE",3,3,1,0,0,0,0
"2005","FALL",7,12.8079,"HERRING","ALEWIFE",2034,33,0.0162241887905605,0.424242424242424,862.909090909091,123.272727272727,67.3731908360536
"2005","FALL",7,12.8079,"HERRING","ATLANTIC HERRING",2560,59,0.023046875,0.11864406779661,303.728813559322,43.3898305084746,23.7141774654176
"2005","FALL",7,12.8079,"MACKEREL","ATLANTIC MACKEREL",262,12,0.0458015267175573,0.666666666666667,174.666666666667,24.952380952381,13.6374164903432
"2005","FALL",7,12.8079,"HERRING","BLUEBACK HERRING",347,25,0.0720461095100865,0.36,124.92,17.8457142857143,9.75335535099431
"2005","FALL",7,12.8079,"BUTTERFISH","BUTTERFISH",142,13,0.0915492957746479,0.923076923076923,131.076923076923,18.7252747252747,10.2340682763703
"2005","FALL",7,12.8079,"POLLOCK","POLLOCK",400,52,0.13,0.115384615384615,46.1538461538462,6.59340659340659,3.60354516773602
"2005","FALL",7,12.8079,"HAKE","RED HAKE",35,27,0.771428571428571,0.037037037037037,1.2962962962963,0.185185185185185,0.10121068218024
"2005","FALL",7,12.8079,"HAKE","SILVER HAKE",238,52,0.218487394957983,0.192307692307692,45.7692307692308,6.53846153846154,3.57351562467155
"2005","FALL",7,12.8079,"HAKE","WHITE HAKE",5,5,1,0.2,1,0.142857142857143,0.0780768119676137
"2005","SPRING",8,15.1974666666667,"HERRING","ALEWIFE",399,39,0.0977443609022556,0.846153846153846,337.615384615385,42.2019230769231,22.2152410017054
"2005","SPRING",8,15.1974666666667,"HERRING","ATLANTIC HERRING",528,23,0.0435606060606061,0.434782608695652,229.565217391304,28.695652173913,15.1054924104437
"2005","SPRING",8,15.1974666666667,"HERRING","BLUEBACK HERRING",74,17,0.22972972972973,1,74,9.25,4.86923259139681
"2005","SPRING",8,15.1974666666667,"POLLOCK","POLLOCK",51,16,0.313725490196078,0,0,0,0
"2005","SPRING",8,15.1974666666667,"HAKE","RED HAKE",8,8,1,0,0,0,0
"2005","SPRING",8,15.1974666666667,"HAKE","SILVER HAKE",230,54,0.234782608695652,0.185185185185185,42.5925925925926,5.32407407407407,2.80261135140457
"2005","SPRING",8,15.1974666666667,"HAKE","WHITE HAKE",2,2,1,0,0,0,0
"2006","FALL",10,19.0608,"HERRING","ALEWIFE",175,35,0.2,0.0571428571428571,10,1,0.524636951229749
"2006","FALL",10,19.0608,"HERRING","ATLANTIC HERRING",2523,59,0.0233848592944907,0.0508474576271186,128.28813559322,12.828813559322,6.73046963365758
"2006","FALL",10,19.0608,"MACKEREL","ATLANTIC MACKEREL",258,10,0.0387596899224806,0.3,77.4,7.74,4.06069000251826
"2006","FALL",10,19.0608,"HERRING","BLUEBACK HERRING",24,4,0.166666666666667,0.25,6,0.6,0.314782170737849
"2006","FALL",10,19.0608,"BUTTERFISH","BUTTERFISH",6576,18,0.00273722627737226,1,6576,657.6,345.001259128683
"2006","FALL",10,19.0608,"POLLOCK","POLLOCK",307,34,0.110749185667752,0.0294117647058824,9.02941176470588,0.902941176470588,0.473716305963332
"2006","FALL",10,19.0608,"HAKE","RED HAKE",118,74,0.627118644067797,0.0945945945945946,11.1621621621622,1.11621621621622,0.585608272588882
"2006","FALL",10,19.0608,"HAKE","SILVER HAKE",149,74,0.496644295302013,0.216216216216216,32.2162162162162,3.22162162162162,1.69018174558341
"2006","FALL",10,19.0608,"HAKE","WHITE HAKE",34,29,0.852941176470588,0,0,0,0
"2006","SPRING",10,18.7074,"HERRING","ALEWIFE",892,71,0.0795964125560538,0.633802816901408,565.352112676056,56.5352112676056,30.2207742752096
"2006","SPRING",10,18.7074,"HERRING","ATLANTIC HERRING",1992,43,0.0215863453815261,0.348837209302326,694.883720930233,69.4883720930233,37.1448582341871
"2006","SPRING",10,18.7074,"HERRING","BLUEBACK HERRING",655,47,0.0717557251908397,0.936170212765957,613.191489361702,61.3191489361702,32.7780177556316
"2006","SPRING",10,18.7074,"BUTTERFISH","BUTTERFISH",1,1,1,1,1,0.1,0.0534547825993992
"2006","SPRING",10,18.7074,"SAND LANCE","NORTHERN SAND LANCE",1,1,1,0,0,0,0
"2006","SPRING",10,18.7074,"POLLOCK","POLLOCK",2,1,0.5,0,0,0,0
"2006","SPRING",10,18.7074,"HAKE","RED HAKE",33,27,0.818181818181818,0.0740740740740741,2.44444444444444,0.244444444444444,0.130667246354087
"2006","SPRING",10,18.7074,"HAKE","SILVER HAKE",86,46,0.534883720930233,0.195652173913043,16.8260869565217,1.68260869565217,0.899434820259456
"2006","SPRING",10,18.7074,"HAKE","WHITE HAKE",3,3,1,0,0,0,0
"2007","FALL",6,10.7787,"HERRING","ALEWIFE",29,19,0.655172413793103,0.421052631578947,12.2105263157895,2.03508771929825,1.13283849775849
"2007","FALL",6,10.7787,"HERRING","ATLANTIC HERRING",667,31,0.0464767616191904,0.032258064516129,21.5161290322581,3.58602150537634,1.99617106258251
"2007","FALL",6,10.7787,"MACKEREL","ATLANTIC MACKEREL",1525,11,0.00721311475409836,0.545454545454545,831.818181818182,138.636363636364,77.172403148634
"2007","FALL",6,10.7787,"HERRING","BLUEBACK HERRING",6,5,0.833333333333333,0.2,1.2,0.2,0.111330679952128
"2007","FALL",6,10.7787,"BUTTERFISH","BUTTERFISH",93,14,0.150537634408602,0.857142857142857,79.7142857142857,13.2857142857143,7.39553802539135
"2007","FALL",6,10.7787,"POLLOCK","POLLOCK",8,7,0.875,0,0,0,0
"2007","FALL",6,10.7787,"HAKE","RED HAKE",56,40,0.714285714285714,0.175,9.8,1.63333333333333,0.909200552942377
"2007","FALL",6,10.7787,"HAKE","SILVER HAKE",170,46,0.270588235294118,0.543478260869565,92.3913043478261,15.3985507246377,8.57165561225622
"2007","FALL",6,10.7787,"HAKE","WHITE HAKE",34,25,0.735294117647059,0.24,8.16,1.36,0.757048623674469
"2007","SPRING",7,12.8199333333333,"HERRING","ALEWIFE",101,29,0.287128712871287,0.689655172413793,69.6551724137931,9.95073891625616,5.43334903565227
"2007","SPRING",7,12.8199333333333,"HERRING","ATLANTIC HERRING",17,9,0.529411764705882,0.333333333333333,5.66666666666667,0.809523809523809,0.442019979303064
"2007","SPRING",7,12.8199333333333,"MACKEREL","ATLANTIC MACKEREL",1,1,1,0,0,0,0
"2007","SPRING",7,12.8199333333333,"HERRING","BLUEBACK HERRING",16,11,0.6875,0.727272727272727,11.6363636363636,1.66233766233766,0.907677390654421
"2007","SPRING",7,12.8199333333333,"POLLOCK","POLLOCK",6,3,0.5,0,0,0,0
"2007","SPRING",7,12.8199333333333,"HAKE","RED HAKE",68,48,0.705882352941177,0.104166666666667,7.08333333333333,1.01190476190476,0.552524974128831
"2007","SPRING",7,12.8199333333333,"HAKE","SILVER HAKE",151,54,0.357615894039735,0.240740740740741,36.3518518518518,5.19312169312169,2.83557261232652
"2007","SPRING",7,12.8199333333333,"HAKE","WHITE HAKE",3,3,1,0,0,0,0
"2008","FALL",8,15.0252,"HERRING","ALEWIFE",457,43,0.0940919037199125,0.0930232558139535,42.5116279069767,5.31395348837209,2.82935521037835
"2008","FALL",8,15.0252,"HERRING","ATLANTIC HERRING",4879,65,0.0133224021315843,0.0153846153846154,75.0615384615385,9.38269230769231,4.99570977168613
"2008","FALL",8,15.0252,"MACKEREL","ATLANTIC MACKEREL",129,13,0.10077519379845,0.0769230769230769,9.92307692307692,1.24038461538462,0.66042894091772
"2008","FALL",8,15.0252,"HERRING","BLUEBACK HERRING",40,10,0.25,0.1,4,0.5,0.266219418044352
"2008","FALL",8,15.0252,"BUTTERFISH","BUTTERFISH",383,19,0.0496083550913838,0.947368421052632,362.842105263158,45.3552631578947,24.1489035262864
"2008","FALL",8,15.0252,"POLLOCK","POLLOCK",18,16,0.888888888888889,0,0,0,0
"2008","FALL",8,15.0252,"HAKE","RED HAKE",104,72,0.692307692307692,0.111111111111111,11.5555555555556,1.44444444444444,0.769078318794795
"2008","FALL",8,15.0252,"HAKE","SILVER HAKE",873,130,0.148911798396334,0.484615384615385,423.069230769231,52.8836538461538,28.1573111019641
"2008","FALL",8,15.0252,"HAKE","WHITE HAKE",38,32,0.842105263157895,0,0,0,0
"2008","SPRING",7,13.3,"HERRING","ALEWIFE",135,31,0.22962962962963,0.516129032258065,69.6774193548387,9.95391705069124,5.23890371089013
"2008","SPRING",7,13.3,"HERRING","ATLANTIC HERRING",129,21,0.162790697674419,0.0476190476190476,6.14285714285714,0.877551020408163,0.46186895810956
"2008","SPRING",7,13.3,"HERRING","BLUEBACK HERRING",73,17,0.232876712328767,0.823529411764706,60.1176470588235,8.58823529411765,4.52012383900929
"2008","SPRING",7,13.3,"SAND LANCE","NORTHERN SAND LANCE",2759,22,0.00797390358825661,0.363636363636364,1003.27272727273,143.324675324675,75.434039644566
"2008","SPRING",7,13.3,"HAKE","RED HAKE",19,17,0.894736842105263,0.117647058823529,2.23529411764706,0.319327731092437,0.168067226890756
"2008","SPRING",7,13.3,"HAKE","SILVER HAKE",387,45,0.116279069767442,0.355555555555556,137.6,19.6571428571429,10.3458646616541
"2008","SPRING",7,13.3,"HAKE","WHITE HAKE",4,4,1,0,0,0,0
"2009","FALL",5,5.0245,"HERRING","ALEWIFE",553,24,0.0433996383363472,0.0833333333333333,46.0833333333333,9.21666666666667,9.17172521312237
"2009","FALL",5,5.0245,"HERRING","ATLANTIC HERRING",6613,45,0.00680477846665659,0.111111111111111,734.777777777778,146.955555555556,146.238984531352
"2009","FALL",5,5.0245,"MACKEREL","ATLANTIC MACKEREL",2,2,1,0.5,1,0.2,0.199024778584934
"2009","FALL",5,5.0245,"HERRING","BLUEBACK HERRING",65,15,0.230769230769231,0.0666666666666667,4.33333333333333,0.866666666666667,0.86244070720138
"2009","FALL",5,5.0245,"BUTTERFISH","BUTTERFISH",51,22,0.431372549019608,1,51,10.2,10.1502637078316
"2009","FALL",5,5.0245,"POLLOCK","POLLOCK",25,12,0.48,0,0,0,0
"2009","FALL",5,5.0245,"HAKE","RED HAKE",256,54,0.2109375,0.0740740740740741,18.962962962963,3.79259259259259,3.774099505018
"2009","FALL",5,5.0245,"HAKE","SILVER HAKE",5252,69,0.0131378522467631,0.405797101449275,2131.24637681159,426.249275362319,424.17083825487
"2009","FALL",5,5.0245,"HAKE","WHITE HAKE",85,36,0.423529411764706,0.0833333333333333,7.08333333333333,1.41666666666667,1.40975884830995
"2009","SPRING",9,8.813,"HERRING","ALEWIFE",763,36,0.0471821756225426,0.555555555555556,423.888888888889,47.0987654320988,48.0981378519107
"2009","SPRING",9,8.813,"HERRING","ATLANTIC HERRING",252,33,0.130952380952381,0.0303030303030303,7.63636363636364,0.848484848484849,0.866488555130335
"2009","SPRING",9,8.813,"HERRING","BLUEBACK HERRING",18,8,0.444444444444444,0.625,11.25,1.25,1.27652331782594
"2009","SPRING",9,8.813,"SAND LANCE","NORTHERN SAND LANCE",1,1,1,0,0,0,0
"2009","SPRING",9,8.813,"POLLOCK","POLLOCK",39,26,0.666666666666667,0,0,0,0
"2009","SPRING",9,8.813,"HAKE","RED HAKE",151,73,0.483443708609272,0.273972602739726,41.3698630136986,4.59665144596651,4.69418620375566
"2009","SPRING",9,8.813,"HAKE","SILVER HAKE",7025,151,0.0214946619217082,0.278145695364238,1953.97350993377,217.108167770419,221.714910919525
"2009","SPRING",9,8.813,"HAKE","WHITE HAKE",17,13,0.764705882352941,0,0,0,0
"2010","FALL",5,5.01,"HERRING","ALEWIFE",267,35,0.131086142322097,0.4,106.8,21.36,21.3173652694611
"2010","FALL",5,5.01,"HERRING","ATLANTIC HERRING",162,31,0.191358024691358,0.225806451612903,36.5806451612903,7.31612903225806,7.30152598029747
"2010","FALL",5,5.01,"MACKEREL","ATLANTIC MACKEREL",28,16,0.571428571428571,0.3125,8.75,1.75,1.74650698602794
"2010","FALL",5,5.01,"HERRING","BLUEBACK HERRING",142,24,0.169014084507042,0.5,71,14.2,14.1716566866267
"2010","FALL",5,5.01,"BUTTERFISH","BUTTERFISH",94,13,0.138297872340426,1,94,18.8,18.7624750499002
"2010","FALL",5,5.01,"POLLOCK","POLLOCK",7,6,0.857142857142857,0.166666666666667,1.16666666666667,0.233333333333333,0.232867598137059
"2010","FALL",5,5.01,"HAKE","RED HAKE",174,54,0.310344827586207,0.185185185185185,32.2222222222222,6.44444444444444,6.43158128188068
"2010","FALL",5,5.01,"HAKE","SILVER HAKE",2985,104,0.0348408710217755,0.509615384615385,1521.20192307692,304.240384615385,303.633118378627
"2010","FALL",5,5.01,"HAKE","WHITE HAKE",38,29,0.763157894736842,0.103448275862069,3.93103448275862,0.786206896551724,0.784637621309106
"2010","SPRING",6,6.007,"HERRING","ALEWIFE",110,29,0.263636363636364,0.482758620689655,53.1034482758621,8.85057471264368,8.84026107472317
"2010","SPRING",6,6.007,"HERRING","ATLANTIC HERRING",46,19,0.41304347826087,0.473684210526316,21.7894736842105,3.63157894736842,3.62734704248552
"2010","SPRING",6,6.007,"HERRING","BLUEBACK HERRING",11,9,0.818181818181818,0.555555555555556,6.11111111111111,1.01851851851852,1.01733163161497
"2010","SPRING",6,6.007,"SAND LANCE","NORTHERN SAND LANCE",1,1,1,0,0,0,0
"2010","SPRING",6,6.007,"POLLOCK","POLLOCK",4,2,0.5,0,0,0,0
"2010","SPRING",6,6.007,"HAKE","RED HAKE",289,71,0.245674740484429,0.169014084507042,48.8450704225352,8.14084507042253,8.13135848552276
"2010","SPRING",6,6.007,"HAKE","SILVER HAKE",4412,126,0.028558476881233,0.253968253968254,1120.50793650794,186.751322751323,186.533700101205
"2010","SPRING",6,6.007,"HAKE","WHITE HAKE",27,17,0.62962962962963,0,0,0,0
"2011","FALL",8,9.454871064396,"HERRING","ALEWIFE",339,38,0.112094395280236,0.210526315789474,71.3684210526316,8.92105263157895,7.5483230354544
"2011","FALL",8,9.454871064396,"HERRING","ATLANTIC HERRING",12924,49,0.00379139585267719,0.0816326530612245,1055.02040816327,131.877551020408,111.584854090304
"2011","FALL",8,9.454871064396,"MACKEREL","ATLANTIC MACKEREL",117,26,0.222222222222222,0.0769230769230769,9,1.125,0.951890294294028
"2011","FALL",8,9.454871064396,"HERRING","BLUEBACK HERRING",263,26,0.0988593155893536,0.307692307692308,80.9230769230769,10.1153846153846,8.55887683416511
"2011","FALL",8,9.454871064396,"BUTTERFISH","BUTTERFISH",2155,33,0.0153132250580046,0.96969696969697,2089.69696969697,261.212121212121,221.018029274465
"2011","FALL",8,9.454871064396,"POLLOCK","POLLOCK",391,44,0.112531969309463,0,0,0,0
"2011","FALL",8,9.454871064396,"HAKE","RED HAKE",270,69,0.255555555555556,0.0289855072463768,7.82608695652174,0.978260869565217,0.827730690690459
"2011","FALL",8,9.454871064396,"HAKE","SILVER HAKE",2116,110,0.0519848771266541,0.409090909090909,865.636363636364,108.204545454545,91.5545392148256
"2011","FALL",8,9.454871064396,"HAKE","WHITE HAKE",38,32,0.842105263157895,0.0625,2.375,0.296875,0.251193272105368
"2011","SPRING",7,7.025,"HERRING","ALEWIFE",108,32,0.296296296296296,0.53125,57.375,8.19642857142857,8.16725978647687
"2011","SPRING",7,7.025,"HERRING","ATLANTIC HERRING",328,31,0.0945121951219512,0.032258064516129,10.5806451612903,1.51152073732719,1.50614165997015
"2011","SPRING",7,7.025,"BUTTERFISH","BUTTERFISH",1,1,1,1,1,0.142857142857143,0.142348754448399
"2011","SPRING",7,7.025,"SAND LANCE","NORTHERN SAND LANCE",3,3,1,0,0,0,0
"2011","SPRING",7,7.025,"POLLOCK","POLLOCK",12,11,0.916666666666667,0,0,0,0
"2011","SPRING",7,7.025,"HAKE","RED HAKE",241,94,0.390041493775934,0.106382978723404,25.6382978723404,3.66261398176292,3.64957976830469
"2011","SPRING",7,7.025,"HAKE","SILVER HAKE",4704,140,0.0297619047619048,0.207142857142857,974.4,139.2,138.70462633452
"2011","SPRING",7,7.025,"HAKE","WHITE HAKE",12,11,0.916666666666667,0,0,0,0
"2012","FALL",8,9.43237215397913,"HERRING","ALEWIFE",417,38,0.0911270983213429,0.131578947368421,54.8684210526316,6.85855263157895,5.81703310227055
"2012","FALL",8,9.43237215397913,"HERRING","ATLANTIC HERRING",1756,55,0.0313211845102506,0.127272727272727,223.490909090909,27.9363636363636,23.6940300321619
"2012","FALL",8,9.43237215397913,"MACKEREL","ATLANTIC MACKEREL",721,26,0.0360610263522885,0,0,0,0
"2012","FALL",8,9.43237215397913,"HERRING","BLUEBACK HERRING",97,15,0.154639175257732,0.133333333333333,12.9333333333333,1.61666666666667,1.37116444540171
"2012","FALL",8,9.43237215397913,"BUTTERFISH","BUTTERFISH",916,38,0.0414847161572052,1,916,114.5,97.1123684526779
"2012","FALL",8,9.43237215397913,"POLLOCK","POLLOCK",69,16,0.231884057971014,0,0,0,0
"2012","FALL",8,9.43237215397913,"HAKE","RED HAKE",444,83,0.186936936936937,0.228915662650602,101.638554216867,12.7048192771084,10.7755029760982
"2012","FALL",8,9.43237215397913,"HAKE","SILVER HAKE",9355,150,0.0160342063067878,0.386666666666667,3617.26666666667,452.158333333333,383.494905376554
"2012","FALL",8,9.43237215397913,"HAKE","WHITE HAKE",26,22,0.846153846153846,0.0454545454545455,1.18181818181818,0.147727272727273,0.1252938457607
"2012","SPRING",15,17.7723629995601,"HERRING","ALEWIFE",10936,122,0.0111558156547184,0.426229508196721,4661.24590163934,310.749726775956,262.274966010695
"2012","SPRING",15,17.7723629995601,"HERRING","ATLANTIC HERRING",29715,112,0.00376914016489988,0.232142857142857,6898.125,459.875,388.137750740898
"2012","SPRING",15,17.7723629995601,"MACKEREL","ATLANTIC MACKEREL",2,1,0.5,0,0,0,0
"2012","SPRING",15,17.7723629995601,"HERRING","BLUEBACK HERRING",2182,30,0.0137488542621448,0.766666666666667,1672.86666666667,111.524444444444,94.1274194494044
"2012","SPRING",15,17.7723629995601,"BUTTERFISH","BUTTERFISH",12,9,0.75,1,12,0.8,0.675205654999115
"2012","SPRING",15,17.7723629995601,"POLLOCK","POLLOCK",21,12,0.571428571428571,0,0,0,0
"2012","SPRING",15,17.7723629995601,"HAKE","RED HAKE",308,123,0.399350649350649,0.268292682926829,82.6341463414634,5.5089430894309,4.64958690881504
"2012","SPRING",15,17.7723629995601,"HAKE","SILVER HAKE",19633,310,0.0157897417613202,0.22258064516129,4369.92580645161,291.328387096774,245.883218036891
"2012","SPRING",15,17.7723629995601,"HAKE","WHITE HAKE",10,8,0.8,0,0,0,0
"2013","FALL",9,10.6561944653391,"HERRING","ALEWIFE",417,48,0.115107913669065,0.333333333333333,139,15.4444444444444,13.0440562484215
"2013","FALL",9,10.6561944653391,"HERRING","ATLANTIC HERRING",182,49,0.269230769230769,0.142857142857143,26,2.88888888888889,2.4398954133738
"2013","FALL",9,10.6561944653391,"MACKEREL","ATLANTIC MACKEREL",4,4,1,0,0,0,0
"2013","FALL",9,10.6561944653391,"HERRING","BLUEBACK HERRING",100,26,0.26,0.269230769230769,26.9230769230769,2.99145299145299,2.52651891917405
"2013","FALL",9,10.6561944653391,"BUTTERFISH","BUTTERFISH",244,25,0.102459016393443,0.84,204.96,22.7733333333333,19.2338832278882
"2013","FALL",9,10.6561944653391,"POLLOCK","POLLOCK",4,4,1,0.25,1,0.111111111111111,0.0938421312836076
"2013","FALL",9,10.6561944653391,"HAKE","RED HAKE",221,78,0.352941176470588,0.192307692307692,42.5,4.72222222222222,3.98829057955332
"2013","FALL",9,10.6561944653391,"HAKE","SILVER HAKE",6488,191,0.0294389642416769,0.513089005235602,3328.92146596859,369.880162885398,312.393085242244
"2013","FALL",9,10.6561944653391,"HAKE","WHITE HAKE",8,8,1,0.125,1,0.111111111111111,0.0938421312836076
"2013","SPRING",7,8.30209794382621,"HERRING","ALEWIFE",573,30,0.0523560209424084,0.2,114.6,16.3714285714286,13.8037398228024
"2013","SPRING",7,8.30209794382621,"HERRING","ATLANTIC HERRING",1774,38,0.0214205186020293,0.0263157894736842,46.6842105263158,6.66917293233083,5.62318233802965
"2013","SPRING",7,8.30209794382621,"MACKEREL","ATLANTIC MACKEREL",1,1,1,0,0,0,0
"2013","SPRING",7,8.30209794382621,"HERRING","BLUEBACK HERRING",6,5,0.833333333333333,0,0,0,0
"2013","SPRING",7,8.30209794382621,"BUTTERFISH","BUTTERFISH",3,3,1,1,3,0.428571428571429,0.3613544456231
"2013","SPRING",7,8.30209794382621,"POLLOCK","POLLOCK",11,8,0.727272727272727,0,0,0,0
"2013","SPRING",7,8.30209794382621,"HAKE","RED HAKE",126,32,0.253968253968254,0.0625,7.875,1.125,0.948555419760638
"2013","SPRING",7,8.30209794382621,"HAKE","SILVER HAKE",3161,102,0.0322682695349573,0.264705882352941,836.735294117647,119.533613445378,100.786006113055
"2014","FALL",14,16.6012355047028,"HERRING","ALEWIFE",1393,76,0.0545585068198134,0.223684210526316,311.592105263158,22.2565789473684,18.769211796007
"2014","FALL",14,16.6012355047028,"HERRING","ATLANTIC HERRING",4674,76,0.016260162601626,0,0,0,0
"2014","FALL",14,16.6012355047028,"MACKEREL","ATLANTIC MACKEREL",410,71,0.173170731707317,0.028169014084507,11.5492957746479,0.824949698189135,0.695688930584484
"2014","FALL",14,16.6012355047028,"HERRING","BLUEBACK HERRING",313,60,0.191693290734824,0.183333333333333,57.3833333333333,4.09880952380952,3.45657004366197
"2014","FALL",14,16.6012355047028,"BUTTERFISH","BUTTERFISH",1082,63,0.0582255083179298,0.825396825396825,893.079365079365,63.7913832199546,53.7959578265348
"2014","FALL",14,16.6012355047028,"SAND LANCE","NORTHERN SAND LANCE",2,2,1,1,2,0.142857142857143,0.120472961149996
"2014","FALL",14,16.6012355047028,"POLLOCK","POLLOCK",4,4,1,0,0,0,0
"2014","FALL",14,16.6012355047028,"HAKE","RED HAKE",1421,204,0.143560872624912,0.191176470588235,271.661764705882,19.4044117647059,16.3639486126756
"2014","FALL",14,16.6012355047028,"HAKE","SILVER HAKE",19056,382,0.0200461796809404,0.452879581151832,8630.07329842932,616.433807030666,519.845242601647
"2014","FALL",14,16.6012355047028,"HAKE","WHITE HAKE",52,44,0.846153846153846,0.25,13,0.928571428571429,0.783074247474974
"2014","SPRING",12,14.232929145032,"HERRING","ALEWIFE",230,31,0.134782608695652,0.0645161290322581,14.8387096774194,1.23655913978495,1.04256190178526
"2014","SPRING",12,14.232929145032,"HERRING","ATLANTIC HERRING",138,31,0.22463768115942,0.032258064516129,4.45161290322581,0.370967741935484,0.312768570535577
"2014","SPRING",12,14.232929145032,"MACKEREL","ATLANTIC MACKEREL",63,12,0.19047619047619,0,0,0,0
"2014","SPRING",12,14.232929145032,"HERRING","BLUEBACK HERRING",9,9,1,0.111111111111111,1,0.0833333333333333,0.0702596064246587
"2014","SPRING",12,14.232929145032,"BUTTERFISH","BUTTERFISH",1,1,1,0,0,0,0
"2014","SPRING",12,14.232929145032,"POLLOCK","POLLOCK",20,15,0.75,0,0,0,0
"2014","SPRING",12,14.232929145032,"HAKE","RED HAKE",421,126,0.299287410926366,0.111111111111111,46.7777777777778,3.89814814814815,3.28658825608681
"2014","SPRING",12,14.232929145032,"HAKE","SILVER HAKE",15042,247,0.0164206887381997,0.271255060728745,4080.21862348178,340.018218623482,286.674554612393
"2014","SPRING",12,14.232929145032,"HAKE","WHITE HAKE",8,7,0.875,0,0,0,0
"2015","FALL",8,9.42704346466987,"HERRING","ALEWIFE",1551,59,0.038039974210187,0.254237288135593,394.322033898305,49.2902542372881,41.8288125408695
"2015","FALL",8,9.42704346466987,"HERRING","ATLANTIC HERRING",350,49,0.14,0.0816326530612245,28.5714285714286,3.57142857142857,3.03079419104271
"2015","FALL",8,9.42704346466987,"MACKEREL","ATLANTIC MACKEREL",1140,38,0.0333333333333333,0.0263157894736842,30,3.75,3.18233390059484
"2015","FALL",8,9.42704346466987,"HERRING","BLUEBACK HERRING",253,31,0.122529644268775,0.387096774193548,97.9354838709677,12.241935483871,10.388780346458
"2015","FALL",8,9.42704346466987,"BUTTERFISH","BUTTERFISH",1471,38,0.0258327668252889,0.684210526315789,1006.47368421053,125.809210526316,106.764510843992
"2015","FALL",8,9.42704346466987,"POLLOCK","POLLOCK",7,7,1,0,0,0,0
"2015","FALL",8,9.42704346466987,"HAKE","RED HAKE",625,117,0.1872,0.145299145299145,90.8119658119658,11.3514957264957,9.63313324610263
"2015","FALL",8,9.42704346466987,"HAKE","SILVER HAKE",4841,212,0.043792604833712,0.386792452830189,1872.46226415094,234.057783018868,198.626671359737
"2015","FALL",8,9.42704346466987,"HAKE","WHITE HAKE",48,32,0.666666666666667,0.21875,10.5,1.3125,1.1138168652082
"2015","SPRING",10,11.8462684110737,"HERRING","ALEWIFE",418,54,0.129186602870813,0.62962962962963,263.185185185185,26.3185185185185,22.2167163576308
"2015","SPRING",10,11.8462684110737,"HERRING","ATLANTIC HERRING",58,27,0.46551724137931,0.444444444444444,25.7777777777778,2.57777777777778,2.17602513156643
"2015","SPRING",10,11.8462684110737,"HERRING","BLUEBACK HERRING",36,21,0.583333333333333,0.904761904761905,32.5714285714286,3.25714285714286,2.7495095874226
"2015","SPRING",10,11.8462684110737,"SAND LANCE","NORTHERN SAND LANCE",1,1,1,0,0,0,0
"2015","SPRING",10,11.8462684110737,"POLLOCK","POLLOCK",1,1,1,0,0,0,0
"2015","SPRING",10,11.8462684110737,"HAKE","RED HAKE",294,90,0.306122448979592,0.188888888888889,55.5333333333333,5.55333333333333,4.68783345153837
"2015","SPRING",10,11.8462684110737,"HAKE","SILVER HAKE",6422,208,0.0323886639676113,0.269230769230769,1729,172.9,145.95313393235
"2015","SPRING",10,11.8462684110737,"HAKE","WHITE HAKE",6,6,1,0,0,0,0
"2016","FALL",10,11.7639697650751,"HERRING","ALEWIFE",665,56,0.0842105263157895,0.0892857142857143,59.375,5.9375,5.04719080257012
"2016","FALL",10,11.7639697650751,"HERRING","ATLANTIC HERRING",22042,49,0.00222302876327012,0,0,0,0
"2016","FALL",10,11.7639697650751,"MACKEREL","ATLANTIC MACKEREL",983,31,0.0315361139369278,0,0,0,0
"2016","FALL",10,11.7639697650751,"HERRING","BLUEBACK HERRING",205,32,0.15609756097561,0.03125,6.40625,0.640625,0.544565323435197
"2016","FALL",10,11.7639697650751,"BUTTERFISH","BUTTERFISH",653,64,0.0980091883614089,0.703125,459.140625,45.9140625,39.0293951930324
"2016","FALL",10,11.7639697650751,"POLLOCK","POLLOCK",127,22,0.173228346456693,0,0,0,0
"2016","FALL",10,11.7639697650751,"HAKE","RED HAKE",569,136,0.239015817223199,0.169117647058824,96.2279411764706,9.62279411764706,8.17988681526132
"2016","FALL",10,11.7639697650751,"HAKE","SILVER HAKE",4314,290,0.0672229949003245,0.296551724137931,1279.32413793103,127.932413793103,108.74935616794
"2016","FALL",10,11.7639697650751,"HAKE","WHITE HAKE",70,47,0.671428571428571,0,0,0,0
"2016","SPRING",11,13.0410789695276,"HERRING","ALEWIFE",1087,68,0.062557497700092,0.220588235294118,239.779411764706,21.798128342246,18.3864703468927
"2016","SPRING",11,13.0410789695276,"HERRING","ATLANTIC HERRING",10413,78,0.00749063670411985,0,0,0,0
"2016","SPRING",11,13.0410789695276,"MACKEREL","ATLANTIC MACKEREL",233,45,0.1931330472103,0,0,0,0
"2016","SPRING",11,13.0410789695276,"HERRING","BLUEBACK HERRING",372,33,0.0887096774193548,0.212121212121212,78.9090909090909,7.17355371900826,6.0508099899919
"2016","SPRING",11,13.0410789695276,"BUTTERFISH","BUTTERFISH",120,21,0.175,0.571428571428571,68.5714285714286,6.23376623376623,5.2581100637191
"2016","SPRING",11,13.0410789695276,"POLLOCK","POLLOCK",63,37,0.587301587301587,0,0,0,0
"2016","SPRING",11,13.0410789695276,"HAKE","RED HAKE",546,172,0.315018315018315,0.0988372093023256,53.9651162790698,4.90591966173362,4.13808676453591
"2016","SPRING",11,13.0410789695276,"HAKE","SILVER HAKE",7034,261,0.0371054876315041,0.203065134099617,1428.3601532567,129.850923023337,109.527758906627
"2016","SPRING",11,13.0410789695276,"HAKE","WHITE HAKE",55,32,0.581818181818182,0,0,0,0
"2017","FALL",5,5.7916932025751,"HERRING","ALEWIFE",868,12,0.0138248847926267,0,0,0,0
"2017","FALL",5,5.7916932025751,"HERRING","ATLANTIC HERRING",2565,16,0.00623781676413255,0,0,0,0
"2017","FALL",5,5.7916932025751,"MACKEREL","ATLANTIC MACKEREL",163,11,0.0674846625766871,0,0,0,0
"2017","FALL",5,5.7916932025751,"HERRING","BLUEBACK HERRING",1,1,1,0,0,0,0
"2017","FALL",5,5.7916932025751,"BUTTERFISH","BUTTERFISH",61,17,0.278688524590164,0.823529411764706,50.2352941176471,10.0470588235294,8.6736801071078
"2017","FALL",5,5.7916932025751,"POLLOCK","POLLOCK",24,17,0.708333333333333,0,0,0,0
"2017","FALL",5,5.7916932025751,"HAKE","RED HAKE",363,70,0.192837465564738,0.171428571428571,62.2285714285714,12.4457142857143,10.7444523133414
"2017","FALL",5,5.7916932025751,"HAKE","SILVER HAKE",3503,128,0.036540108478447,0.3515625,1231.5234375,246.3046875,212.636166044231
"2017","FALL",5,5.7916932025751,"HAKE","WHITE HAKE",26,21,0.807692307692308,0,0,0,0
"2017","SPRING",10,11.8592940960518,"HERRING","ALEWIFE",1144,51,0.0445804195804196,0.176470588235294,201.882352941176,20.1882352941176,17.0231340336173
"2017","SPRING",10,11.8592940960518,"HERRING","ATLANTIC HERRING",616,49,0.0795454545454545,0,0,0,0
"2017","SPRING",10,11.8592940960518,"MACKEREL","ATLANTIC MACKEREL",276,17,0.0615942028985507,0,0,0,0
"2017","SPRING",10,11.8592940960518,"HERRING","BLUEBACK HERRING",81,31,0.382716049382716,0.0645161290322581,5.2258064516129,0.52258064516129,0.440650717427832
"2017","SPRING",10,11.8592940960518,"BUTTERFISH","BUTTERFISH",1,1,1,1,1,0.1,0.0843220508658198
"2017","SPRING",10,11.8592940960518,"POLLOCK","POLLOCK",11,10,0.909090909090909,0,0,0,0
"2017","SPRING",10,11.8592940960518,"HAKE","RED HAKE",435,153,0.351724137931034,0.111111111111111,48.3333333333333,4.83333333333333,4.07556579184796
"2017","SPRING",10,11.8592940960518,"HAKE","SILVER HAKE",4543,261,0.0574510235527185,0.252873563218391,1148.80459770115,114.880459770115,96.8695597222439
"2017","SPRING",10,11.8592940960518,"HAKE","WHITE HAKE",5,4,0.8,0,0,0,0
"2018","FALL",7,8.29084848861778,"HERRING","ALEWIFE",350,50,0.142857142857143,0.2,70,10,8.44304417046104
"2018","FALL",7,8.29084848861778,"HERRING","ATLANTIC HERRING",623,20,0.0321027287319422,0.1,62.3,8.9,7.51430931171032
"2018","FALL",7,8.29084848861778,"MACKEREL","ATLANTIC MACKEREL",644,28,0.0434782608695652,0.107142857142857,69,9.85714285714286,8.32242925374016
"2018","FALL",7,8.29084848861778,"HERRING","BLUEBACK HERRING",175,20,0.114285714285714,0.25,43.75,6.25,5.27690260653815
"2018","FALL",7,8.29084848861778,"BUTTERFISH","BUTTERFISH",197,23,0.116751269035533,0.739130434782609,145.608695652174,20.8012422360248,17.5625806999217
"2018","FALL",7,8.29084848861778,"POLLOCK","POLLOCK",20,17,0.85,0,0,0,0
"2018","FALL",7,8.29084848861778,"HAKE","RED HAKE",374,82,0.219251336898396,0.121951219512195,45.609756097561,6.51567944250871,5.5012169333666
"2018","FALL",7,8.29084848861778,"HAKE","SILVER HAKE",3750,186,0.0496,0.435483870967742,1633.06451612903,233.294930875576,196.971940612714
"2018","FALL",7,8.29084848861778,"HAKE","WHITE HAKE",30,26,0.866666666666667,0.153846153846154,4.61538461538462,0.659340659340659,0.556684231019409
"2018","SPRING",9,10.6644835375979,"HERRING","ALEWIFE",172,32,0.186046511627907,0.46875,80.625,8.95833333333333,7.56014107160038
"2018","SPRING",9,10.6644835375979,"HERRING","ATLANTIC HERRING",683,31,0.0453879941434846,0.0967741935483871,66.0967741935484,7.34408602150538,6.19784108255431
"2018","SPRING",9,10.6644835375979,"MACKEREL","ATLANTIC MACKEREL",4,4,1,0,0,0,0
"2018","SPRING",9,10.6644835375979,"HERRING","BLUEBACK HERRING",210,22,0.104761904761905,0.681818181818182,143.181818181818,15.9090909090909,13.4260433406857
"2018","SPRING",9,10.6644835375979,"POLLOCK","POLLOCK",1,1,1,0,0,0,0
"2018","SPRING",9,10.6644835375979,"HAKE","RED HAKE",356,114,0.320224719101124,0.166666666666667,59.3333333333333,6.59259259259259,5.56363870075397
"2018","SPRING",9,10.6644835375979,"HAKE","SILVER HAKE",15457,181,0.0117099048974575,0.270718232044199,4184.49171270718,464.943523634131,392.376405097786
"2018","SPRING",9,10.6644835375979,"HAKE","WHITE HAKE",10,10,1,0,0,0,0
"2019","FALL",8,9.46908090255403,"HERRING","ALEWIFE",707,42,0.0594059405940594,0.0238095238095238,16.8333333333333,2.10416666666667,1.77771565229662
"2019","FALL",8,9.46908090255403,"HERRING","ATLANTIC HERRING",71,27,0.380281690140845,0.222222222222222,15.7777777777778,1.97222222222222,1.66624173350575
"2019","FALL",8,9.46908090255403,"MACKEREL","ATLANTIC MACKEREL",39,18,0.461538461538462,0.111111111111111,4.33333333333333,0.541666666666667,0.457629771878339
"2019","FALL",8,9.46908090255403,"HERRING","BLUEBACK HERRING",157,23,0.146496815286624,0.0434782608695652,6.82608695652174,0.853260869565217,0.720881680784941
"2019","FALL",8,9.46908090255403,"BUTTERFISH","BUTTERFISH",12,8,0.666666666666667,0.875,10.5,1.3125,1.10887213955136
"2019","FALL",8,9.46908090255403,"POLLOCK","POLLOCK",6,6,1,0,0,0,0
"2019","FALL",8,9.46908090255403,"HAKE","RED HAKE",990,147,0.148484848484848,0.285714285714286,282.857142857143,35.3571428571429,29.8716576368937
"2019","FALL",8,9.46908090255403,"HAKE","SILVER HAKE",5926,236,0.0398245021937226,0.389830508474576,2310.13559322034,288.766949152542,243.966190276951
"2019","FALL",8,9.46908090255403,"HAKE","WHITE HAKE",80,52,0.65,0.519230769230769,41.5384615384615,5.19230769230769,4.38674692569768
"2019","SPRING",7,8.0711880737583,"HERRING","ALEWIFE",1100,63,0.0572727272727273,0.285714285714286,314.285714285714,44.8979591836735,38.9392133368253
"2019","SPRING",7,8.0711880737583,"HERRING","ATLANTIC HERRING",6093,55,0.00902675201050386,0.0181818181818182,110.781818181818,15.825974025974,13.7255899837102
"2019","SPRING",7,8.0711880737583,"MACKEREL","ATLANTIC MACKEREL",55,12,0.218181818181818,0,0,0,0
"2019","SPRING",7,8.0711880737583,"HERRING","BLUEBACK HERRING",377,35,0.0928381962864721,0.257142857142857,96.9428571428571,13.8489795918367,12.010977350168
"2019","SPRING",7,8.0711880737583,"POLLOCK","POLLOCK",2,2,1,0,0,0,0
"2019","SPRING",7,8.0711880737583,"HAKE","RED HAKE",181,84,0.464088397790055,0.226190476190476,40.9404761904762,5.84863945578231,5.07242252520235
"2019","SPRING",7,8.0711880737583,"HAKE","SILVER HAKE",5314,159,0.0299209634926609,0.276729559748428,1470.54088050314,210.077268643306,182.196334302293
"2019","SPRING",7,8.0711880737583,"HAKE","WHITE HAKE",2,2,1,0,0,0,0
